"train.auc.mean","train.auc.std","test.auc.mean","test.auc.std"
0.768934,0.000383,0.70557,0.004676
0.79901,0.002444,0.727286,0.003788
0.812835,0.002541,0.73552,0.004299
0.821963,0.001846,0.741291,0.003455
0.827289,0.001383,0.744973,0.003357
0.831665,0.000554,0.747912,0.003154
0.834588,0.001276,0.750239,0.002912
0.837306,0.000505,0.751789,0.0024
0.839037,0.000758,0.753104,0.002469
0.840923,0.000486,0.754115,0.002217
0.842555,0.000988,0.754895,0.002404
0.844284,0.00079,0.755668,0.002478
0.845924,0.001196,0.756479,0.002674
0.84679,0.00112,0.756918,0.002525
0.8479,0.001166,0.757441,0.002749
0.848865,0.001379,0.75785,0.002905
0.849729,0.000983,0.758378,0.003083
0.850591,0.001151,0.758917,0.00284
0.851522,0.000886,0.759436,0.002871
0.852436,0.000793,0.759772,0.00289
0.853141,0.000828,0.760066,0.002727
0.853966,0.000822,0.760514,0.002666
0.854768,0.000837,0.760703,0.002646
0.855459,0.000856,0.760957,0.002489
0.856131,0.000792,0.761394,0.002607
0.85668,0.000511,0.761659,0.002661
0.85743,0.000635,0.761889,0.002553
0.858311,0.00039,0.76225,0.002532
0.858859,0.000357,0.76237,0.002581
0.859594,0.000372,0.76258,0.002478
0.860063,0.00038,0.76283,0.002299
0.860452,0.000513,0.762935,0.002226
0.861132,0.000624,0.763221,0.00219
0.861756,0.00059,0.763504,0.002169
0.862363,0.000747,0.763684,0.002195
0.863118,0.000805,0.763898,0.002146
0.863629,0.001005,0.76403,0.0022
0.864214,0.001121,0.764323,0.002154
0.864667,0.001072,0.764483,0.002181
0.865296,0.001029,0.764706,0.002151
0.866027,0.001012,0.764866,0.002242
0.86657,0.001109,0.765054,0.002211
0.867028,0.001006,0.765213,0.002181
0.867482,0.000823,0.765369,0.002216
0.868026,0.000878,0.765526,0.002128
0.868624,0.000795,0.765697,0.002076
0.869115,0.000774,0.765768,0.002064
0.86954,0.000884,0.76588,0.002101
0.870149,0.000993,0.766085,0.00201
0.870729,0.001016,0.766184,0.001965
0.871333,0.000996,0.766316,0.001956
0.871913,0.000934,0.766448,0.001982
0.872536,0.000946,0.766604,0.001976
0.873018,0.000866,0.766643,0.001989
0.873489,0.000892,0.766748,0.001962
0.874094,0.000717,0.766892,0.002069
0.874572,0.000686,0.76699,0.002014
0.875024,0.000731,0.767031,0.002032
0.875534,0.000653,0.767049,0.002083
0.876014,0.000603,0.767189,0.002057
0.876605,0.00069,0.76725,0.002126
0.877069,0.000651,0.767311,0.002124
0.877552,0.000574,0.767431,0.002159
0.878138,0.000609,0.767558,0.00209
0.878621,0.000656,0.767633,0.002107
0.879112,0.000708,0.767742,0.002064
0.879613,0.000754,0.767883,0.002099
0.880109,0.000806,0.76796,0.002116
0.880531,0.000748,0.7681,0.002159
0.881035,0.000823,0.768212,0.002177
0.881429,0.00077,0.768268,0.002248
0.881811,0.000778,0.768329,0.00218
0.882286,0.000767,0.768446,0.002188
0.882879,0.000742,0.768533,0.002197
0.883357,0.000741,0.768598,0.002227
0.883835,0.0007,0.76869,0.002242
0.884394,0.000694,0.768761,0.002221
0.884817,0.000679,0.768848,0.002206
0.885347,0.00071,0.768985,0.002131
0.885825,0.000798,0.76912,0.002205
0.886367,0.000803,0.769198,0.002196
0.886897,0.000815,0.769296,0.002205
0.887399,0.000835,0.769414,0.002201
0.88781,0.000834,0.769516,0.002196
0.888332,0.000841,0.769577,0.002222
0.888846,0.00081,0.769661,0.002203
0.889235,0.000853,0.769706,0.002217
0.889703,0.000822,0.769791,0.002241
0.890138,0.000807,0.769894,0.00226
0.890692,0.000868,0.769997,0.002203
0.891128,0.000853,0.770089,0.002245
0.891586,0.000871,0.770155,0.002219
0.89208,0.000908,0.770236,0.002179
0.892523,0.000949,0.770296,0.002158
0.893049,0.000929,0.770369,0.002119
0.893545,0.000946,0.770489,0.002141
0.893985,0.000993,0.770609,0.002148
0.894386,0.000939,0.770679,0.002166
0.894828,0.001007,0.770753,0.002146
0.895357,0.001006,0.770805,0.002163
0.895813,0.001006,0.77088,0.002111
0.896276,0.00097,0.770941,0.002111
0.896807,0.000982,0.771026,0.002147
0.897251,0.001099,0.771124,0.002121
0.897705,0.001084,0.771206,0.002105
0.898143,0.000986,0.771321,0.002097
0.898598,0.000966,0.771435,0.002052
0.899071,0.000969,0.771512,0.002035
0.899478,0.000992,0.771592,0.002017
0.899879,0.000988,0.771647,0.002007
0.900315,0.000938,0.771741,0.001982
0.900674,0.000939,0.771806,0.001953
0.901096,0.00084,0.771913,0.001991
0.901524,0.000822,0.772012,0.002018
0.902037,0.000835,0.7721,0.002062
0.902449,0.000815,0.772177,0.00207
0.902857,0.000868,0.772265,0.002094
0.903323,0.000884,0.772332,0.002052
0.903817,0.000851,0.772408,0.00206
0.904223,0.000838,0.772437,0.002056
0.90464,0.00086,0.772523,0.002055
0.905071,0.000903,0.772595,0.002015
0.90556,0.000959,0.772648,0.002069
0.906037,0.001021,0.772734,0.002105
0.906458,0.001,0.772787,0.002121
0.906827,0.001035,0.772877,0.002133
0.90725,0.001049,0.772994,0.002173
0.907595,0.001036,0.77309,0.002173
0.907982,0.001052,0.7732,0.002183
0.908407,0.001091,0.773315,0.002152
0.908837,0.001114,0.773406,0.002166
0.909247,0.001115,0.773489,0.002183
0.909708,0.001062,0.773579,0.002162
0.910105,0.001026,0.773644,0.002115
0.910535,0.000998,0.773723,0.00209
0.910911,0.001035,0.77383,0.002049
0.911315,0.001007,0.773906,0.002029
0.911724,0.001033,0.774014,0.00203
0.912094,0.000996,0.77407,0.002064
0.912453,0.000947,0.774138,0.002103
0.912847,0.000973,0.774239,0.002079
0.913264,0.001048,0.774311,0.002074
0.91364,0.001044,0.774381,0.002083
0.914069,0.001095,0.774448,0.002086
0.914483,0.001108,0.774536,0.002073
0.914911,0.001133,0.774642,0.002085
0.915304,0.001162,0.774717,0.002096
0.915708,0.0012,0.774806,0.0021
0.916117,0.001196,0.774876,0.002071
0.916524,0.001203,0.774988,0.002086
0.916902,0.001196,0.775053,0.002083
0.917261,0.001189,0.775109,0.002042
0.917689,0.001179,0.77515,0.002005
0.918129,0.001255,0.775224,0.002051
0.918491,0.001231,0.775304,0.002066
0.918907,0.001233,0.775366,0.002053
0.919301,0.001252,0.775445,0.002047
0.919669,0.001244,0.775498,0.002033
0.920098,0.001281,0.775586,0.002038
0.920446,0.001331,0.775645,0.00203
0.920833,0.001368,0.775683,0.001982
0.921213,0.001397,0.775748,0.001989
0.921561,0.001432,0.775799,0.001961
0.921983,0.001401,0.775848,0.001989
0.922378,0.001406,0.775907,0.001957
0.9228,0.001405,0.775959,0.001953
0.923156,0.001424,0.776038,0.001928
0.923515,0.001394,0.776125,0.001918
0.923881,0.00141,0.77619,0.001934
0.924281,0.001416,0.776272,0.001922
0.924666,0.00139,0.776324,0.001931
0.924999,0.001368,0.776397,0.001923
0.925397,0.001352,0.77646,0.001949
0.925739,0.001359,0.77652,0.001941
0.926104,0.001373,0.776571,0.001937
0.926497,0.001455,0.776637,0.001951
0.926936,0.001415,0.776717,0.001931
0.927341,0.001427,0.776792,0.001902
0.927682,0.001424,0.776875,0.001919
0.9281,0.001488,0.776956,0.001947
0.928457,0.001547,0.777062,0.001951
0.928767,0.001536,0.777133,0.001996
0.929059,0.001513,0.777192,0.001984
0.929428,0.001509,0.777248,0.001945
0.929837,0.001469,0.777291,0.001916
0.930201,0.001458,0.777354,0.001917
0.930587,0.001474,0.777441,0.001914
0.930967,0.001501,0.777485,0.001928
0.931327,0.001499,0.777547,0.001912
0.931729,0.001459,0.777605,0.001919
0.932147,0.001493,0.777681,0.001934
0.932465,0.001546,0.777753,0.001956
0.932858,0.001551,0.777807,0.001957
0.93317,0.001556,0.777873,0.001975
0.933546,0.001531,0.777926,0.001951
0.933901,0.001545,0.778003,0.001933
0.934291,0.001553,0.778067,0.001943
0.934682,0.001525,0.778124,0.001939
0.935042,0.001493,0.778196,0.001936
0.935398,0.001599,0.778272,0.001916
0.935691,0.001548,0.778336,0.0019
0.936071,0.001563,0.778393,0.001917
0.936411,0.001513,0.778448,0.001922
0.936697,0.001475,0.778499,0.001933
0.937047,0.001487,0.778574,0.00194
0.937372,0.001424,0.778627,0.001901
0.937744,0.00142,0.778699,0.001908
0.938078,0.001459,0.778733,0.001918
0.938476,0.001418,0.778832,0.001895
0.938864,0.00146,0.778878,0.001895
0.939191,0.001453,0.778942,0.001885
0.939548,0.001487,0.778988,0.001914
0.939897,0.00147,0.779064,0.001913
0.940224,0.001457,0.779111,0.001898
0.940488,0.001481,0.779163,0.001922
0.940866,0.001456,0.779206,0.001915
0.941249,0.001456,0.779257,0.001884
0.941594,0.001441,0.779299,0.001883
0.941889,0.001451,0.779357,0.001888
0.942187,0.001458,0.779413,0.001887
0.942489,0.001449,0.779462,0.001884
0.942738,0.001456,0.779493,0.001893
0.943052,0.001405,0.77954,0.0019
0.943403,0.001434,0.77961,0.001918
0.94368,0.00144,0.779659,0.001909
0.943956,0.001431,0.779701,0.001919
0.944308,0.001387,0.779751,0.001922
0.94465,0.001393,0.779822,0.001899
0.944947,0.00136,0.779881,0.001894
0.945241,0.0014,0.779915,0.001891
0.945544,0.001393,0.77995,0.001875
0.945859,0.001398,0.780002,0.001873
0.946145,0.001401,0.780075,0.001847
0.946479,0.001424,0.780141,0.001855
0.94679,0.001426,0.780184,0.001839
0.947052,0.001472,0.780255,0.001836
0.947347,0.001461,0.78029,0.001826
0.947655,0.001503,0.780339,0.001808
0.94792,0.001559,0.780388,0.00179
0.948251,0.001569,0.780458,0.001791
0.948503,0.00158,0.780518,0.001815
0.948803,0.001595,0.780562,0.001821
0.94906,0.001625,0.780604,0.001829
0.949306,0.001641,0.780655,0.00182
0.949566,0.00168,0.780693,0.001823
0.949789,0.001705,0.780735,0.001815
0.950053,0.001637,0.7808,0.001804
0.950314,0.001671,0.780857,0.001794
0.950569,0.001684,0.780907,0.001798
0.950885,0.001665,0.780964,0.001785
0.951198,0.001655,0.781001,0.001751
0.951426,0.001659,0.781047,0.001724
0.951688,0.001629,0.781085,0.001719
0.95196,0.001619,0.78113,0.001724
0.952208,0.001664,0.781184,0.001707
0.952426,0.001698,0.781246,0.00171
0.952693,0.001723,0.781299,0.001699
0.952954,0.001777,0.781346,0.0017
0.953201,0.001735,0.781386,0.001705
0.95345,0.001686,0.781415,0.001696
0.953719,0.001667,0.781465,0.001711
0.95398,0.001657,0.781497,0.001735
0.95419,0.001691,0.781532,0.00173
0.954477,0.001649,0.781593,0.001722
0.954736,0.001654,0.781627,0.001735
0.954982,0.001641,0.781646,0.001737
0.955245,0.001655,0.781687,0.001726
0.955464,0.001624,0.781728,0.0017
0.955714,0.001588,0.781787,0.001707
0.955926,0.001596,0.781818,0.001721
0.956141,0.00155,0.781863,0.001745
0.956339,0.00158,0.7819,0.001749
0.956559,0.001569,0.781945,0.001744
0.956786,0.001546,0.781991,0.001744
0.957065,0.001569,0.782064,0.001721
0.957318,0.001544,0.782105,0.001717
0.957551,0.00153,0.782155,0.001734
0.957783,0.001499,0.782183,0.001738
0.957995,0.001492,0.78223,0.001732
0.958212,0.001504,0.782282,0.001735
0.958456,0.001519,0.782319,0.001732
0.958645,0.001485,0.782349,0.001722
0.958889,0.001499,0.782404,0.001736
0.959063,0.00148,0.782451,0.001752
0.959271,0.001508,0.782489,0.001753
0.959477,0.001467,0.782501,0.001775
0.959709,0.001468,0.782525,0.001773
0.959924,0.001497,0.782576,0.001779
0.960166,0.001494,0.782616,0.001763
0.960368,0.001484,0.782657,0.001767
0.96055,0.001464,0.782711,0.001782
0.960736,0.001473,0.782739,0.00178
0.960953,0.001489,0.782764,0.001777
0.961109,0.001467,0.782791,0.001767
0.961288,0.001448,0.782829,0.001754
0.961466,0.001421,0.782865,0.001754
0.96169,0.001438,0.78291,0.001759
0.961868,0.001407,0.782926,0.001743
0.962041,0.001399,0.782949,0.001738
0.962259,0.001354,0.782976,0.001733
0.962492,0.001365,0.782992,0.001752
0.962719,0.001345,0.783003,0.001758
0.962908,0.001391,0.78302,0.001769
0.963081,0.001349,0.783055,0.001753
0.963277,0.001316,0.783086,0.001759
0.963437,0.001312,0.78312,0.001766
0.963656,0.001298,0.783165,0.001778
0.963859,0.001285,0.783207,0.001785
0.964044,0.001253,0.783237,0.001783
0.964252,0.001256,0.783284,0.001799
0.96445,0.001265,0.783306,0.001815
0.964592,0.001268,0.78334,0.001796
0.964756,0.001277,0.783363,0.001812
0.964926,0.001289,0.783399,0.001822
0.965062,0.001266,0.783427,0.001821
0.965262,0.001196,0.783461,0.001819
0.965401,0.001193,0.783478,0.001837
0.965581,0.001208,0.783513,0.00185
0.965745,0.001189,0.783532,0.001832
0.965962,0.001183,0.783576,0.00186
0.966138,0.001132,0.783614,0.001858
0.96631,0.001134,0.783649,0.001868
0.966462,0.001184,0.783686,0.001872
0.966616,0.001208,0.783712,0.001859
0.966781,0.00121,0.78373,0.001858
0.966954,0.001219,0.783753,0.001857
0.967074,0.001215,0.783781,0.001858
0.96724,0.001181,0.783805,0.001851
0.9674,0.001175,0.783818,0.001857
0.967584,0.001136,0.783861,0.001852
0.96775,0.001138,0.783898,0.001852
0.967949,0.001152,0.783936,0.001852
0.968074,0.001134,0.783962,0.00185
0.968244,0.001126,0.783991,0.001836
0.968426,0.001113,0.784019,0.001848
0.968549,0.001074,0.784025,0.001848
0.968714,0.001026,0.784062,0.001835
0.96887,0.000996,0.784095,0.001848
0.969071,0.000991,0.784119,0.00183
0.969233,0.000972,0.784135,0.001837
0.969386,0.000935,0.784142,0.001864
0.969536,0.000912,0.784162,0.001868
0.969721,0.000922,0.784188,0.001872
0.969889,0.000879,0.78422,0.001882
0.970052,0.000926,0.784258,0.001871
0.97021,0.000902,0.784291,0.001848
0.97034,0.000863,0.784312,0.001841
0.970482,0.000863,0.784356,0.001819
0.970626,0.000825,0.784374,0.001812
0.970775,0.000836,0.784391,0.001817
0.970896,0.000862,0.784408,0.001814
0.971009,0.000879,0.784438,0.001795
0.971142,0.000874,0.784466,0.001798
0.971312,0.000851,0.784498,0.001822
0.971432,0.000853,0.784526,0.00183
0.971543,0.000854,0.784548,0.001839
0.971677,0.000815,0.78457,0.001837
0.971823,0.000786,0.784587,0.001836
0.971978,0.00076,0.784594,0.001835
0.972141,0.000755,0.784629,0.001829
0.972302,0.000769,0.784657,0.001823
0.972473,0.000745,0.784669,0.001811
0.972623,0.000725,0.784703,0.001823
0.972773,0.000715,0.78472,0.001797
0.972888,0.000689,0.784736,0.001822
0.972991,0.000707,0.784747,0.001831
0.973102,0.000694,0.784768,0.001834
0.973235,0.000662,0.784784,0.001836
0.973369,0.000675,0.784798,0.001837
0.973469,0.000672,0.784821,0.001831
0.973568,0.000681,0.784831,0.00184
0.973716,0.00067,0.784847,0.001836
0.973838,0.000693,0.784873,0.001843
0.973961,0.000683,0.784898,0.001843
0.974087,0.000688,0.784929,0.001841
0.974218,0.000666,0.784965,0.001855
0.974358,0.000635,0.784982,0.001848
0.974473,0.000595,0.78498,0.001872
0.974614,0.000539,0.785,0.001879
0.974728,0.000548,0.785024,0.001874
0.974875,0.000546,0.785045,0.001884
0.974985,0.000571,0.785067,0.001892
0.975124,0.000562,0.785099,0.001882
0.975229,0.000567,0.785119,0.001882
0.975362,0.00053,0.785134,0.001889
0.975499,0.000513,0.785165,0.001875
0.975583,0.000507,0.785185,0.001886
0.97568,0.000522,0.785209,0.001886
0.975788,0.000545,0.785238,0.001863
0.975917,0.000572,0.785259,0.001871
0.976029,0.000558,0.785281,0.001857
0.976127,0.000561,0.785305,0.001845
0.976216,0.000546,0.785332,0.001841
0.976313,0.000568,0.785347,0.001827
0.976416,0.000593,0.785357,0.001822
0.976537,0.000606,0.785382,0.001822
0.976639,0.000592,0.785414,0.001828
0.976736,0.000618,0.785431,0.001834
0.976863,0.000599,0.785437,0.001855
0.976958,0.000587,0.785454,0.001861
0.977085,0.000595,0.785474,0.001859
0.977187,0.000577,0.785494,0.001862
0.977302,0.000574,0.785515,0.001854
0.977401,0.000585,0.785525,0.001868
0.977497,0.000553,0.785537,0.001873
0.977601,0.000545,0.785567,0.001894
0.977704,0.000544,0.785575,0.001893
0.977825,0.000529,0.785577,0.001889
0.977904,0.000533,0.785597,0.001895
0.978014,0.000548,0.785624,0.001906
0.978108,0.00055,0.785656,0.001906
0.978209,0.000553,0.78567,0.001899
0.978305,0.00053,0.785699,0.001898
0.978424,0.000499,0.785723,0.0019
0.978529,0.000487,0.785747,0.00189
0.978614,0.000518,0.785771,0.001896
0.978716,0.000516,0.785795,0.001925
0.978833,0.000505,0.78581,0.00193
0.978958,0.000498,0.785809,0.001927
0.979051,0.00049,0.785836,0.001924
0.979138,0.000517,0.785859,0.001928
0.979248,0.000512,0.785882,0.001929
0.979347,0.000498,0.785905,0.001935
0.979449,0.000488,0.785919,0.001946
0.979543,0.0005,0.78594,0.001954
0.979636,0.000512,0.785951,0.001962
0.979732,0.000485,0.78597,0.001962
0.979838,0.000466,0.785979,0.001969
0.979904,0.000478,0.785997,0.001963
0.979982,0.000498,0.786012,0.001965
0.980076,0.000493,0.786015,0.001958
0.980176,0.000491,0.786032,0.001954
0.98027,0.000513,0.786034,0.00194
0.980372,0.000539,0.786056,0.001948
0.980478,0.000527,0.786069,0.001954
0.980575,0.000536,0.78608,0.001963
0.98068,0.000556,0.7861,0.001969
0.980769,0.000553,0.786103,0.001965
0.980869,0.000544,0.786104,0.001961
0.980949,0.00053,0.786121,0.001956
0.981037,0.000536,0.786143,0.001948
0.98111,0.000535,0.786163,0.001957
0.981208,0.00053,0.786176,0.00195
0.981298,0.000513,0.786193,0.001949
0.981391,0.000512,0.786209,0.001954
0.981499,0.000521,0.786222,0.001944
0.981576,0.000505,0.786234,0.001952
0.981652,0.000474,0.786273,0.001949
0.981761,0.000479,0.786281,0.001958
0.981849,0.00049,0.786299,0.001964
0.981936,0.000488,0.786315,0.001953
0.982014,0.000452,0.786323,0.001954
0.982093,0.000473,0.786342,0.001947
0.98215,0.000465,0.78636,0.001948
0.982215,0.000436,0.786375,0.001948
0.982306,0.000424,0.786369,0.001959
0.982402,0.000425,0.786393,0.001952
0.982456,0.000425,0.786415,0.001957
0.982527,0.000418,0.78644,0.001972
0.982613,0.000412,0.786463,0.00197
0.982678,0.000409,0.786479,0.001963
0.982783,0.000404,0.786501,0.001952
0.982849,0.000407,0.786523,0.001953
0.98293,0.000411,0.786549,0.001958
0.983018,0.000419,0.786556,0.001959
0.983102,0.000436,0.786569,0.001958
0.983169,0.000445,0.78659,0.001978
0.983251,0.000401,0.786604,0.001975
0.983346,0.000401,0.786617,0.001986
0.983427,0.000388,0.786632,0.001963
0.983494,0.000376,0.786659,0.001966
0.983553,0.000362,0.786669,0.001974
0.983605,0.000371,0.786683,0.001969
0.983691,0.000393,0.786708,0.001963
0.983781,0.000411,0.786725,0.001952
0.983868,0.000389,0.786736,0.001937
0.983916,0.000403,0.786749,0.001938
0.983981,0.000428,0.786771,0.001952
0.984042,0.000426,0.78679,0.001938
0.984103,0.000435,0.786813,0.001929
0.984171,0.000445,0.786832,0.001933
0.984243,0.000418,0.786838,0.001933
0.984297,0.000414,0.786854,0.001931
0.984379,0.000428,0.786871,0.001921
0.984437,0.00045,0.786887,0.001924
0.984493,0.000471,0.786897,0.001931
0.984577,0.000459,0.786908,0.001933
0.98464,0.000476,0.786919,0.001926
0.984707,0.000484,0.786937,0.001927
0.984784,0.000465,0.786945,0.001926
0.984843,0.000455,0.786959,0.001923
0.984907,0.000448,0.786977,0.001926
0.984952,0.000431,0.78698,0.001933
0.985033,0.000437,0.78699,0.001932
0.985117,0.000422,0.787003,0.001916
0.985186,0.000432,0.787014,0.00192
0.985236,0.000443,0.787022,0.001918
0.985298,0.000446,0.787035,0.001919
0.985379,0.00045,0.787033,0.001935
0.985462,0.000421,0.787059,0.001942
0.985547,0.000421,0.787066,0.001928
0.985615,0.000417,0.78708,0.001938
0.985659,0.000419,0.787087,0.001944
0.985712,0.000407,0.787103,0.001948
0.985783,0.0004,0.787111,0.001957
0.985858,0.000394,0.787127,0.001949
0.985929,0.000386,0.787145,0.001955
0.985991,0.000394,0.787155,0.001956
0.986055,0.000387,0.787158,0.001966
0.986111,0.000389,0.787163,0.001961
0.986191,0.000407,0.787173,0.001973
0.986251,0.000397,0.787192,0.001976
0.986304,0.000397,0.787218,0.001966
0.986348,0.000377,0.787225,0.001959
0.986409,0.000374,0.787227,0.001951
0.986473,0.000366,0.787231,0.001967
0.986532,0.000382,0.787235,0.001964
0.986609,0.000376,0.787242,0.001974
0.986665,0.00037,0.787251,0.001975
0.986718,0.000387,0.787254,0.001974
0.986773,0.000373,0.787269,0.00198
0.986844,0.000373,0.787279,0.001973
0.986903,0.00036,0.787281,0.001979
0.986973,0.000353,0.787292,0.001971
0.987028,0.000341,0.787312,0.00198
0.987086,0.000329,0.78732,0.001969
0.987138,0.000337,0.787313,0.001964
0.987174,0.000343,0.787314,0.001954
0.987223,0.000338,0.787331,0.001964
0.987281,0.000325,0.787339,0.001956
0.987338,0.000306,0.787345,0.001955
0.987382,0.000291,0.787356,0.001964
0.987418,0.000306,0.78737,0.001979
0.987468,0.0003,0.787374,0.001977
0.987521,0.000307,0.787388,0.00198
0.987582,0.000291,0.787388,0.001984
0.987651,0.000294,0.787403,0.001987
0.987692,0.000271,0.787415,0.00198
0.987757,0.000288,0.78743,0.001985
0.98783,0.000287,0.787442,0.001978
0.987886,0.000277,0.787451,0.001986
0.987945,0.000263,0.787468,0.001984
0.987993,0.000272,0.787469,0.001981
0.988046,0.000263,0.787478,0.001978
0.988093,0.000262,0.787488,0.001969
0.988168,0.000254,0.787495,0.001952
0.988218,0.000264,0.787508,0.001942
0.988277,0.00025,0.787533,0.001949
0.988332,0.000252,0.787549,0.001948
0.988398,0.000251,0.787567,0.001959
0.988452,0.000254,0.787579,0.001958
0.988504,0.000237,0.787588,0.001948
0.988569,0.000235,0.787596,0.001942
0.988623,0.000234,0.787597,0.001942
0.988668,0.00024,0.787614,0.001943
0.98872,0.000228,0.787631,0.00194
0.988762,0.000205,0.787639,0.001946
0.988817,0.00021,0.787644,0.001945
0.988865,0.000221,0.787654,0.001949
0.988918,0.000221,0.787663,0.001945
0.988966,0.000237,0.787673,0.001933
0.988997,0.000232,0.787687,0.001933
0.989063,0.000233,0.787694,0.001929
0.989095,0.000238,0.787695,0.001927
0.989142,0.000235,0.787702,0.00192
0.989193,0.00023,0.78772,0.001933
0.989241,0.000226,0.787734,0.001927
0.989282,0.000225,0.787741,0.001932
0.989333,0.000217,0.787759,0.001936
0.989389,0.000205,0.787749,0.001937
0.989457,0.000202,0.78776,0.001943
0.989509,0.000193,0.787774,0.001927
0.989545,0.000184,0.787781,0.001919
0.98958,0.000185,0.787787,0.001922
0.989639,0.000175,0.787786,0.001928
0.989679,0.000157,0.787802,0.001912
0.989722,0.000162,0.787819,0.001912
0.989782,0.000184,0.787837,0.001928
0.989835,0.000192,0.787859,0.001915
0.989886,0.000194,0.787863,0.001908
0.989916,0.000186,0.78787,0.001906
0.989967,0.000175,0.787875,0.0019
0.990008,0.000176,0.787883,0.001907
0.990048,0.000179,0.787893,0.001906
0.990094,0.000178,0.787892,0.001918
0.990129,0.000178,0.787902,0.001926
0.99017,0.000177,0.787922,0.001935
0.990205,0.000163,0.787937,0.001933
0.990246,0.000174,0.787941,0.001943
0.990297,0.000154,0.787946,0.001949
0.990329,0.000139,0.78796,0.001944
0.990367,0.000147,0.787966,0.001931
0.990424,0.00015,0.787979,0.00192
0.990479,0.000139,0.787976,0.001917
0.990519,0.000134,0.787975,0.001915
0.990561,0.000133,0.787988,0.00192
0.990604,0.000148,0.788003,0.001909
0.990645,0.000165,0.788001,0.001907
0.990684,0.000166,0.788007,0.00191
0.990741,0.000163,0.788014,0.0019
0.990778,0.000177,0.788026,0.001891
0.990814,0.00017,0.788043,0.001895
0.990849,0.000178,0.788056,0.001889
0.990885,0.000181,0.788056,0.001886
0.990927,0.000196,0.788065,0.001895
0.990972,0.000186,0.788072,0.001892
0.991013,0.000192,0.788071,0.001897
0.991056,0.000191,0.78808,0.00189
0.991092,0.000186,0.788093,0.001889
0.991127,0.000196,0.788092,0.001899
0.991166,0.000201,0.788108,0.001886
0.991217,0.000196,0.788119,0.001895
0.991254,0.000203,0.788133,0.001898
0.991291,0.000213,0.788143,0.001905
0.991325,0.000204,0.788142,0.001913
0.99136,0.000205,0.788148,0.001919
0.991393,0.000207,0.788156,0.001902
0.99142,0.0002,0.788167,0.001905
0.991447,0.000212,0.788171,0.0019
0.99148,0.00021,0.788183,0.001912
0.991513,0.000208,0.788191,0.001913
0.991547,0.000204,0.788196,0.001916
0.991587,0.000193,0.788204,0.001909
0.991615,0.000202,0.788203,0.00191
0.991647,0.000199,0.788215,0.001906
0.99168,0.000195,0.788233,0.001899
0.991723,0.000198,0.788252,0.001903
0.991769,0.000195,0.788258,0.001905
0.991814,0.00019,0.788269,0.001896
0.991845,0.000188,0.78827,0.001891
0.991882,0.000189,0.788293,0.001881
0.991914,0.000204,0.788301,0.001884
0.991939,0.000192,0.788307,0.001871
0.991977,0.000208,0.78831,0.001873
0.992015,0.000202,0.788314,0.001861
0.992051,0.000202,0.788318,0.001872
0.992092,0.000204,0.788326,0.001884
0.992127,0.000207,0.788322,0.00188
0.992161,0.000204,0.788334,0.001885
0.992201,0.000198,0.788339,0.001903
0.992243,0.000186,0.788362,0.001902
0.992274,0.000189,0.788362,0.00189
0.992305,0.000197,0.788367,0.001904
0.992338,0.000196,0.788374,0.001902
0.992369,0.000187,0.788384,0.001894
0.992413,0.000187,0.788391,0.00188
0.992463,0.000201,0.788392,0.001888
0.9925,0.00021,0.788388,0.001893
0.992533,0.000213,0.788394,0.001892
0.992579,0.000215,0.788391,0.00188
0.992615,0.000202,0.788394,0.001893
0.992644,0.000201,0.788389,0.001892
0.992671,0.000205,0.788393,0.001885
0.992703,0.000193,0.788402,0.00188
0.992743,0.000205,0.788417,0.001888
0.992775,0.000201,0.788429,0.001886
0.992806,0.000196,0.788447,0.001883
0.99284,0.000197,0.788453,0.001877
0.992869,0.000206,0.78845,0.001884
0.992901,0.000197,0.788448,0.001904
0.992929,0.000206,0.788454,0.00191
0.99296,0.000204,0.788458,0.001906
0.992995,0.000208,0.788466,0.001916
0.99303,0.000191,0.788458,0.001903
0.993062,0.000202,0.788471,0.001907
0.993098,0.0002,0.788483,0.001927
0.993142,0.000189,0.788493,0.001923
0.993166,0.000194,0.788499,0.001915
0.993205,0.000178,0.788505,0.001901
0.993229,0.00018,0.788502,0.001898
0.99326,0.0002,0.788508,0.001881
0.993279,0.000192,0.788523,0.00188
0.993309,0.000185,0.788532,0.001876
0.993345,0.000177,0.78854,0.001879
0.993376,0.000176,0.788541,0.001881
0.993406,0.000184,0.788548,0.001883
0.993424,0.00019,0.788556,0.001874
0.993457,0.000196,0.788553,0.001874
0.993487,0.000189,0.788562,0.001872
0.993521,0.000196,0.788565,0.001877
0.993562,0.000189,0.788583,0.001882
0.993591,0.000183,0.788601,0.001878
0.99362,0.000192,0.788601,0.001886
0.99364,0.000189,0.78861,0.001894
0.993669,0.000187,0.788612,0.001884
0.993706,0.000175,0.788607,0.001887
0.993759,0.000174,0.788627,0.00189
0.993786,0.00017,0.788635,0.001882
0.993815,0.000173,0.788642,0.001882
0.993847,0.000169,0.78864,0.001891
0.99387,0.000165,0.788646,0.001888
0.993894,0.000165,0.788658,0.001892
0.993922,0.000171,0.788655,0.001903
0.993945,0.000169,0.78866,0.001906
0.993976,0.000156,0.788678,0.001903
0.994004,0.000158,0.788675,0.001909
0.994038,0.000159,0.788694,0.001918
0.994063,0.000162,0.788693,0.001931
0.994084,0.000164,0.788708,0.001936
0.99412,0.000177,0.788726,0.001932
0.994139,0.000182,0.78873,0.001929
0.994173,0.000188,0.788747,0.001935
0.9942,0.000192,0.788758,0.001932
0.99422,0.000202,0.788755,0.001927
0.994247,0.000197,0.788751,0.00194
0.994277,0.000188,0.788763,0.001931
0.994301,0.000179,0.78877,0.001922
0.994328,0.000166,0.788769,0.001924
0.994356,0.000164,0.788771,0.001933
0.994376,0.000168,0.788779,0.001934
0.994394,0.000171,0.788785,0.001933
0.99441,0.000173,0.788786,0.001932
0.994439,0.000178,0.788788,0.001946
0.994464,0.000179,0.7888,0.001944
0.99449,0.000178,0.788804,0.001937
0.994502,0.000176,0.788809,0.00194
0.994526,0.000177,0.78881,0.001955
0.99456,0.000171,0.788813,0.001953
0.994582,0.000168,0.788819,0.001948
0.994614,0.000169,0.788825,0.00194
0.994643,0.000183,0.788834,0.001935
0.994659,0.000172,0.788839,0.001928
0.994689,0.00016,0.788854,0.001913
0.994716,0.000164,0.78887,0.001913
0.994735,0.00017,0.788875,0.001916
0.99476,0.000171,0.788885,0.001917
0.994779,0.000175,0.788892,0.001905
0.994807,0.000179,0.788886,0.001901
0.994829,0.000183,0.788893,0.001901
0.994857,0.000179,0.788892,0.001891
0.994872,0.00018,0.788894,0.001883
0.994902,0.000187,0.788902,0.001891
0.994934,0.000185,0.78891,0.001893
0.994955,0.000188,0.78892,0.0019
0.994978,0.000193,0.788929,0.001904
0.995003,0.000195,0.788922,0.001906
0.995031,0.000188,0.788923,0.0019
0.995063,0.000187,0.788935,0.00192
0.995084,0.000196,0.788941,0.001922
0.995102,0.000193,0.78895,0.001917
0.995118,0.000189,0.788952,0.001921
0.995133,0.000186,0.788953,0.001914
0.995154,0.000193,0.78896,0.001918
0.995175,0.00019,0.788953,0.001918
0.995209,0.000186,0.788953,0.001909
0.995231,0.000191,0.788952,0.001905
0.995253,0.0002,0.788961,0.001906
0.995273,0.000208,0.78896,0.001901
0.995296,0.000208,0.788961,0.001897
0.995311,0.000201,0.788968,0.0019
0.995336,0.000192,0.788977,0.001906
0.995353,0.000192,0.788985,0.001909
0.995372,0.000189,0.788987,0.001912
0.995398,0.000182,0.78899,0.001918
0.995421,0.000179,0.788999,0.001927
0.995441,0.000177,0.789004,0.001934
0.995457,0.00017,0.789011,0.001937
0.995476,0.000174,0.789003,0.001934
0.99549,0.000175,0.789006,0.001937
0.995519,0.000175,0.789013,0.001957
0.99554,0.000172,0.789026,0.001958
0.995561,0.00018,0.789038,0.001958
0.995577,0.000178,0.789047,0.001969
0.995605,0.000186,0.789042,0.001965
0.995633,0.000182,0.789045,0.001965
0.995657,0.000178,0.789042,0.001983
0.995676,0.000179,0.789046,0.001982
0.995696,0.000179,0.789036,0.001977
0.995721,0.000178,0.789041,0.001981
0.995738,0.000189,0.789051,0.001978
0.995763,0.000196,0.789053,0.001978
0.995774,0.000195,0.789068,0.001969
0.995795,0.000193,0.789065,0.001957
0.995814,0.000193,0.789071,0.001957
0.99583,0.000195,0.789074,0.001965
0.995855,0.000185,0.789092,0.00198
0.995876,0.000174,0.789096,0.001962
0.995893,0.000172,0.789103,0.001955
0.995914,0.000167,0.789116,0.001961
0.995934,0.000169,0.789117,0.001968
0.995953,0.000173,0.789118,0.001959
0.995972,0.00018,0.789116,0.001969
0.995989,0.000179,0.789123,0.001968
0.996007,0.000173,0.789128,0.001959
0.996026,0.000167,0.789133,0.00196
0.996043,0.000156,0.78914,0.001957
0.996061,0.000151,0.789146,0.001946
0.996082,0.000155,0.789154,0.001948
0.996101,0.000155,0.789154,0.001949
0.996116,0.000151,0.789164,0.00195
0.996136,0.000155,0.78917,0.00195
0.996155,0.000161,0.789169,0.001947
0.996172,0.000168,0.789172,0.00194
0.996193,0.000163,0.789182,0.001948
0.996216,0.000163,0.789188,0.001951
0.996228,0.000162,0.789184,0.001957
0.996245,0.000161,0.789193,0.001948
0.996263,0.000166,0.789204,0.001951
0.996279,0.000163,0.789201,0.001953
0.996291,0.000164,0.789206,0.001957
0.996309,0.000169,0.789221,0.001967
0.996317,0.000168,0.789222,0.00197
0.996337,0.000159,0.789223,0.001974
0.996358,0.000161,0.789229,0.001967
0.99638,0.000159,0.789236,0.001959
0.996391,0.000162,0.789235,0.001968
0.996403,0.000164,0.789241,0.001975
0.996417,0.000163,0.789235,0.001975
0.996434,0.000161,0.789248,0.001968
0.996449,0.000157,0.789256,0.001975
0.996469,0.000155,0.789273,0.001973
0.996485,0.00015,0.789273,0.001973
0.996496,0.000153,0.789278,0.001974
0.996513,0.000147,0.789296,0.00198
0.99653,0.000146,0.789295,0.001976
0.996545,0.000148,0.789302,0.001988
0.996561,0.000151,0.789295,0.00198
0.996579,0.000154,0.789292,0.001989
0.996591,0.000152,0.789297,0.001994
0.996605,0.00015,0.789301,0.001978
0.99662,0.000154,0.789307,0.001976
0.996634,0.000152,0.789308,0.00198
0.996645,0.00015,0.789308,0.00198
0.996664,0.000155,0.789315,0.001973
0.996677,0.000153,0.789318,0.001982
0.996691,0.000154,0.789316,0.001977
0.996711,0.000154,0.789327,0.001974
0.996731,0.000153,0.789329,0.001977
0.996752,0.000149,0.789333,0.001975
0.99677,0.000151,0.789339,0.001976
0.996784,0.000153,0.789355,0.001967
0.996798,0.000158,0.78937,0.00197
0.996814,0.000167,0.789369,0.001969
0.996825,0.000169,0.789367,0.001975
0.996838,0.000173,0.789377,0.001972
0.996854,0.000173,0.789377,0.001973
0.996874,0.000171,0.789388,0.001989
0.996887,0.000173,0.789392,0.00199
0.9969,0.000168,0.789404,0.001994
0.996911,0.000166,0.789408,0.002002
0.996923,0.000163,0.7894,0.002004
0.996936,0.00016,0.7894,0.002001
0.996954,0.000168,0.78941,0.002012
0.996965,0.00017,0.789415,0.002009
0.996976,0.000168,0.789406,0.002008
0.996992,0.000171,0.789422,0.002009
0.997007,0.000167,0.789428,0.002015
0.997022,0.000166,0.789434,0.002025
0.997039,0.000161,0.789432,0.002023
0.997057,0.00016,0.789431,0.002029
0.997068,0.000158,0.789442,0.002034
0.997084,0.000157,0.789445,0.002032
0.9971,0.000149,0.789446,0.002037
0.997117,0.000152,0.78945,0.002046
0.997128,0.000149,0.789445,0.002052
0.997142,0.000149,0.789444,0.002044
0.997151,0.000149,0.789453,0.002044
0.997165,0.000145,0.789461,0.002042
0.997174,0.000146,0.789461,0.002041
0.997186,0.000156,0.789463,0.002042
0.997201,0.000155,0.789463,0.002044
0.997218,0.000158,0.789468,0.002049
0.997231,0.000158,0.789464,0.002052
0.997252,0.000157,0.789471,0.002056
0.997264,0.000164,0.78948,0.002062
0.99728,0.00017,0.789477,0.002062
0.997296,0.00017,0.789482,0.002067
0.997306,0.000166,0.789494,0.002053
0.997316,0.000169,0.789498,0.002044
0.997331,0.000171,0.789496,0.002051
0.997348,0.000171,0.789498,0.002043
0.99736,0.000173,0.789505,0.002045
0.997372,0.000172,0.789509,0.002054
0.99739,0.000166,0.789516,0.002061
0.997403,0.000162,0.789505,0.002063
0.997418,0.000159,0.789505,0.002068
0.99743,0.000157,0.789511,0.002069
0.997444,0.000157,0.789515,0.002057
0.997462,0.000161,0.789522,0.00205
0.997473,0.000158,0.789529,0.002043
0.997485,0.00015,0.789529,0.00205
0.997495,0.000149,0.78953,0.00205
0.997506,0.00015,0.789528,0.002046
0.997522,0.000147,0.789537,0.002059
0.997539,0.000142,0.78953,0.002045
0.997552,0.000144,0.789534,0.002044
0.997563,0.000142,0.789543,0.002043
0.997579,0.000138,0.789548,0.002057
0.997586,0.000137,0.789549,0.002054
0.997598,0.000131,0.789554,0.002063
0.997605,0.000131,0.789554,0.002063
0.997618,0.000122,0.789557,0.00205
0.997632,0.000124,0.789554,0.002048
0.997647,0.000125,0.789555,0.002049
0.997658,0.000123,0.789558,0.002052
0.997667,0.000121,0.789568,0.002049
0.997676,0.000123,0.789567,0.00206
0.997689,0.00012,0.789575,0.00206
0.997699,0.000124,0.789577,0.002063
0.997713,0.000122,0.789574,0.002045
0.997723,0.000125,0.789576,0.002039
0.997735,0.000124,0.789584,0.002036
0.997746,0.000128,0.78959,0.002046
0.997758,0.000124,0.78959,0.002049
0.997769,0.000124,0.789595,0.002049
0.997782,0.00012,0.789595,0.002048
0.997792,0.000112,0.789603,0.002053
0.997802,0.00011,0.789597,0.002047
0.997809,0.000113,0.789606,0.002048
0.997818,0.000117,0.789613,0.002054
0.997829,0.000112,0.789609,0.002079
0.997837,0.000112,0.789619,0.002079
0.997853,0.000111,0.78962,0.002071
0.997861,0.000113,0.789619,0.00207
0.99787,0.000112,0.789624,0.002073
0.997881,0.000114,0.789628,0.002078
0.997891,0.00011,0.789629,0.002082
0.997901,0.000109,0.789631,0.002091
0.997913,0.000109,0.789623,0.002099
0.997928,0.000107,0.789632,0.0021
0.997937,0.000107,0.789631,0.002104
0.997946,0.000108,0.789636,0.002108
0.997958,0.000103,0.789636,0.002115
0.997966,0.000107,0.789646,0.002117
0.99798,0.00011,0.789651,0.002106
0.997986,0.000107,0.789651,0.002108
0.997999,0.000103,0.789653,0.002108
0.998008,9.8e-005,0.789657,0.002097
0.998016,9.9e-005,0.789657,0.002095
0.998031,0.000101,0.789651,0.002089
0.998042,0.000104,0.789647,0.002072
0.99805,0.000108,0.789647,0.002071
0.998061,0.000106,0.789644,0.002064
0.998068,0.000107,0.789646,0.002074
0.998081,0.000108,0.789645,0.002061
0.998092,0.000106,0.789647,0.002055
0.998104,0.000105,0.789648,0.002046
0.998112,0.000102,0.789644,0.002037
0.998119,0.000104,0.789643,0.002044
0.998127,0.000103,0.789646,0.002058
0.998137,0.000101,0.789639,0.002072
0.99815,9.9e-005,0.789641,0.002072
0.998157,9.9e-005,0.789637,0.00207
0.998165,0.0001,0.789644,0.002064
0.998178,0.000106,0.789642,0.002061
0.998193,0.000101,0.789654,0.002053
0.998201,0.0001,0.789658,0.002061
0.998209,0.000101,0.78967,0.002061
0.998217,0.000102,0.789667,0.002051
0.998229,0.000102,0.789667,0.00205
0.998239,9.9e-005,0.789672,0.002045
0.99825,0.000104,0.789667,0.002048
0.998259,0.000104,0.789681,0.002058
0.998266,0.000104,0.789691,0.002062
0.998274,0.000105,0.789689,0.002055
0.998281,0.000108,0.789687,0.002052
0.998293,0.000108,0.789684,0.002049
0.998301,0.00011,0.789691,0.002046
0.998308,0.000107,0.789698,0.002045
0.998318,0.000106,0.789713,0.002044
0.998325,0.000104,0.789716,0.002041
0.998337,0.000101,0.789712,0.002051
0.998343,0.000102,0.789721,0.002055
0.99835,0.000103,0.789725,0.00205
0.998358,0.000105,0.789726,0.002037
0.998367,0.000103,0.789721,0.002029
0.998373,0.000105,0.789727,0.002019
0.998378,0.000104,0.789725,0.00202
0.998386,0.000104,0.789734,0.002019
0.998396,0.000107,0.789725,0.002018
0.998406,0.000109,0.789739,0.002014
0.998415,0.000112,0.789739,0.00201
0.998425,0.000111,0.789738,0.002009
0.998432,0.000112,0.789741,0.002006
0.998441,0.000113,0.789756,0.002011
0.998451,0.000112,0.789751,0.002004
0.998459,0.00011,0.789763,0.002011
0.998468,0.000109,0.78976,0.002013
0.998476,0.000112,0.789766,0.002014
0.998486,0.000115,0.789775,0.002025
0.998495,0.000118,0.78978,0.002027
0.998502,0.000117,0.789781,0.002027
0.998507,0.000118,0.789789,0.002031
0.998517,0.000115,0.789789,0.002041
0.998524,0.000115,0.789799,0.002028
0.998533,0.000111,0.789797,0.002035
0.998542,0.000109,0.789791,0.002031
0.998548,0.000111,0.789791,0.002038
0.998553,0.00011,0.7898,0.002043
0.998561,0.000104,0.789797,0.002046
0.998569,0.000103,0.789796,0.002051
0.998576,0.000106,0.789803,0.002053
0.998583,0.00011,0.78981,0.002054
0.998591,0.000108,0.789828,0.002066
0.998602,0.000109,0.78983,0.002051
0.998608,0.000109,0.789835,0.002049
0.998616,0.000108,0.789843,0.002046
0.998624,0.000108,0.789848,0.00203
0.99863,0.000108,0.789855,0.002029
0.998635,0.000106,0.789853,0.002032
0.998642,0.000106,0.789862,0.002032
0.998649,0.000106,0.789857,0.002026
0.998658,0.000105,0.789867,0.002019
0.99867,0.000106,0.789863,0.002027
0.998679,0.000107,0.789867,0.002009
0.998684,0.000105,0.78987,0.002021
0.99869,0.000106,0.789869,0.002023
0.998698,0.000107,0.78987,0.002033
0.998707,0.000103,0.78987,0.002047
0.998713,0.000104,0.789874,0.002053
0.998721,0.000106,0.789879,0.002046
0.998727,0.000107,0.789871,0.002043
0.998734,0.000106,0.78987,0.00204
0.998739,0.000105,0.789875,0.002053
0.998744,0.000104,0.789887,0.002057
0.99875,0.000102,0.789894,0.002059
0.998757,0.0001,0.789892,0.002054
0.998764,9.9e-005,0.789898,0.002045
0.998772,9.8e-005,0.789905,0.002038
0.998779,9.9e-005,0.789917,0.002032
0.998784,9.7e-005,0.789924,0.002034
0.998791,9.5e-005,0.789937,0.002024
0.998797,9.3e-005,0.789932,0.002017
0.998802,9.3e-005,0.789944,0.002018
0.99881,8.9e-005,0.789949,0.002012
0.998819,9.3e-005,0.789963,0.002016
0.998826,9.3e-005,0.789969,0.002005
0.998833,9.2e-005,0.78998,0.002003
0.998837,9.1e-005,0.789978,0.002004
0.998841,9.2e-005,0.789973,0.002001
0.998845,9.3e-005,0.789984,0.002006
0.998851,9.1e-005,0.789994,0.002006
0.998857,8.6e-005,0.789998,0.002021
0.998863,8.7e-005,0.789991,0.002023
0.998867,8.6e-005,0.789988,0.002021
0.998874,8.5e-005,0.789996,0.002018
0.998877,8.5e-005,0.789992,0.002023
0.998884,8.5e-005,0.789996,0.002019
0.998889,8.7e-005,0.790005,0.002014
0.998894,8.8e-005,0.790004,0.002001
0.998901,8.8e-005,0.790002,0.002011
0.998908,9.1e-005,0.790017,0.002011
0.998912,9.3e-005,0.790019,0.002012
0.998917,9.3e-005,0.790023,0.002012
0.998926,9e-005,0.790023,0.002024
0.998932,9.3e-005,0.79002,0.002017
0.998938,9.4e-005,0.79002,0.002027
0.998943,9.6e-005,0.790021,0.002031
0.99895,9.1e-005,0.790027,0.002014
0.998955,8.8e-005,0.790034,0.002012
0.998962,8.8e-005,0.790027,0.002021
0.998969,8.7e-005,0.790018,0.002004
0.998976,8.8e-005,0.790029,0.00201
0.998981,8.7e-005,0.790022,0.001999
0.998984,8.7e-005,0.790031,0.001994
0.998989,9e-005,0.790026,0.001997
0.998995,8.9e-005,0.790024,0.001991
0.999002,8.8e-005,0.790022,0.001996
0.999008,8.8e-005,0.790023,0.002009
0.999012,8.7e-005,0.790023,0.002014
0.99902,8.3e-005,0.790031,0.00202
0.999026,8.4e-005,0.790014,0.002011
0.99903,8.4e-005,0.790021,0.002012
0.999034,8.6e-005,0.790009,0.002014
0.99904,8.6e-005,0.790013,0.002014
0.999045,8.8e-005,0.79001,0.002015
0.999052,8.7e-005,0.790015,0.002024
0.999055,8.5e-005,0.790015,0.002026
0.99906,8.7e-005,0.790021,0.002032
0.999063,8.7e-005,0.790019,0.002029
0.999068,8.6e-005,0.790025,0.002032
0.999073,8.6e-005,0.790017,0.002027
0.999079,8.9e-005,0.790027,0.002029
0.999083,8.9e-005,0.790041,0.002025
0.999089,8.8e-005,0.790044,0.002024
0.999093,8.8e-005,0.790053,0.002038
0.999097,9e-005,0.79004,0.002036
0.999104,9e-005,0.79005,0.002032
0.999109,9e-005,0.790049,0.002036
0.999113,9e-005,0.790047,0.002043
0.999118,8.7e-005,0.79005,0.00204
0.999122,8.7e-005,0.79006,0.002038
0.999126,8.8e-005,0.790054,0.002033
0.999132,8.6e-005,0.790069,0.002036
0.999135,8.7e-005,0.790064,0.002037
0.999136,8.6e-005,0.790065,0.00204
0.999143,8.5e-005,0.790074,0.002032
0.999148,8.5e-005,0.790091,0.002032
0.999152,8.6e-005,0.790088,0.002036
0.999157,8.4e-005,0.790084,0.002034
0.99916,8.6e-005,0.790086,0.002025
0.999164,8.6e-005,0.790083,0.002034
0.99917,8.7e-005,0.79009,0.002028
0.999177,8.6e-005,0.790083,0.00203
0.999182,8.4e-005,0.790079,0.002036
0.999186,8.4e-005,0.790093,0.002038
0.999191,8.4e-005,0.790099,0.002036
0.999196,8.3e-005,0.790102,0.002039
0.999202,8.1e-005,0.790107,0.002041
0.999205,8.1e-005,0.790112,0.00205
0.999212,8.1e-005,0.790113,0.00206
0.999215,8e-005,0.790107,0.00206
0.999219,7.7e-005,0.790109,0.002059
0.999223,7.7e-005,0.790115,0.002066
0.999226,7.6e-005,0.790114,0.002073
0.999232,7.6e-005,0.79013,0.002064
0.999234,7.7e-005,0.790128,0.002057
0.999239,7.8e-005,0.790126,0.002061
0.999243,7.9e-005,0.790122,0.002059
0.999247,7.7e-005,0.790119,0.00205
0.99925,7.7e-005,0.790112,0.002042
0.999254,7.7e-005,0.790114,0.002037
0.999259,7.6e-005,0.790107,0.002029
0.999263,7.6e-005,0.790099,0.002034
0.999267,7.6e-005,0.790113,0.002027
0.999272,7.8e-005,0.79011,0.002024
0.999278,7.5e-005,0.79011,0.002033
0.999281,7.2e-005,0.790115,0.002038
0.999285,7.3e-005,0.790115,0.002029
0.999287,7.3e-005,0.790117,0.002026
0.999292,7.1e-005,0.790111,0.00203
0.999296,6.9e-005,0.790115,0.002034
0.9993,6.7e-005,0.790118,0.002038
0.999303,6.8e-005,0.790123,0.002045
0.999306,6.8e-005,0.790119,0.002048
0.99931,6.5e-005,0.790138,0.002044
0.999313,6.5e-005,0.790148,0.002038
0.999317,6.6e-005,0.790151,0.002044
0.99932,6.6e-005,0.790155,0.002037
0.999324,6.5e-005,0.790169,0.002048
0.999328,6.5e-005,0.790169,0.002047
0.999331,6.7e-005,0.790176,0.002056
0.999335,6.7e-005,0.790189,0.002053
0.999339,6.5e-005,0.790188,0.00205
0.999343,6.5e-005,0.790191,0.002046
0.999349,6.4e-005,0.790192,0.002045
0.999352,6.4e-005,0.790194,0.002038
0.999355,6.4e-005,0.790193,0.002033
0.999358,6.4e-005,0.790191,0.002034
0.999362,6.4e-005,0.790183,0.002038
0.999366,6.4e-005,0.790183,0.002034
0.99937,6.4e-005,0.790177,0.002028
0.999375,6.4e-005,0.790162,0.00202
0.999378,6.5e-005,0.790166,0.002021
0.999381,6.5e-005,0.790171,0.002016
0.999384,6.3e-005,0.790181,0.002009
0.999388,6.2e-005,0.790183,0.00201
0.999391,6.3e-005,0.790189,0.00201
0.999394,6.1e-005,0.790194,0.002006
0.999398,5.9e-005,0.790189,0.00199
0.9994,5.8e-005,0.790183,0.00199
0.999404,5.9e-005,0.790191,0.001987
0.999406,5.9e-005,0.790193,0.001977
0.999409,5.9e-005,0.790196,0.001974
0.999411,5.8e-005,0.790199,0.001987
0.999414,5.7e-005,0.790197,0.001984
0.999418,5.6e-005,0.7902,0.001986
0.999423,5.6e-005,0.790207,0.001993
0.999427,5.6e-005,0.790206,0.001996
0.99943,5.6e-005,0.790204,0.001994
0.999433,5.5e-005,0.790206,0.001999
0.999436,5.4e-005,0.790209,0.002003
0.999439,5.4e-005,0.790214,0.002013
0.999441,5.4e-005,0.79022,0.00201
0.999444,5.5e-005,0.79022,0.002017
0.999446,5.5e-005,0.790225,0.002013
0.999449,5.4e-005,0.790226,0.002011
0.999453,5.4e-005,0.790226,0.002024
0.999456,5.4e-005,0.790235,0.002023
0.999459,5.4e-005,0.790227,0.002028
0.999463,5.5e-005,0.790227,0.00203
0.999466,5.3e-005,0.790228,0.002044
0.999469,5.2e-005,0.790231,0.002033
0.999472,5.2e-005,0.79023,0.002024
0.999473,5.1e-005,0.79023,0.002022
0.999476,5.1e-005,0.790229,0.002013
0.99948,5.2e-005,0.790242,0.002009
0.999483,5.1e-005,0.790237,0.002002
0.999486,5.1e-005,0.790243,0.002003
0.99949,5e-005,0.790253,0.002004
0.999493,5e-005,0.790247,0.001997
0.999498,5.1e-005,0.790261,0.001993
0.999501,5.2e-005,0.790257,0.001987
0.999504,5.2e-005,0.790261,0.00199
0.999507,5.2e-005,0.790261,0.001994
0.999511,5.2e-005,0.790263,0.001999
0.999514,5.1e-005,0.790274,0.002002
0.999518,5.1e-005,0.790281,0.002003
0.999522,5e-005,0.79029,0.002008
0.999524,5e-005,0.790294,0.002002
0.999528,5e-005,0.79029,0.002
0.999531,5e-005,0.790291,0.001987
0.999534,5e-005,0.790282,0.001977
0.999537,5.1e-005,0.790284,0.001969
0.999539,5.1e-005,0.790283,0.001976
0.999543,5.1e-005,0.790278,0.001969
0.999544,5.1e-005,0.790281,0.001957
0.999546,5.1e-005,0.79028,0.001953
0.999548,4.9e-005,0.790277,0.001961
0.999551,4.9e-005,0.790276,0.001959
0.999553,4.9e-005,0.790274,0.001954
0.999556,4.8e-005,0.790286,0.001948
0.999559,4.8e-005,0.790285,0.001952
0.999563,4.7e-005,0.790288,0.001952
0.999565,4.6e-005,0.790298,0.001965
0.999567,4.5e-005,0.790301,0.001965
0.999571,4.5e-005,0.790304,0.001961
0.999574,4.5e-005,0.790313,0.001955
0.999577,4.4e-005,0.790315,0.001946
0.999579,4.4e-005,0.790318,0.001937
0.999582,4.4e-005,0.790316,0.00194
0.999584,4.4e-005,0.790322,0.001944
0.999587,4.3e-005,0.790315,0.001955
0.99959,4.4e-005,0.790321,0.001959
0.999592,4.3e-005,0.790318,0.001967
0.999594,4.3e-005,0.790315,0.001985
0.999596,4.4e-005,0.790319,0.001978
0.999598,4.3e-005,0.790321,0.001977
0.999602,4.3e-005,0.790324,0.001981
0.999605,4.3e-005,0.79033,0.001996
0.999605,4.2e-005,0.790332,0.001997
0.999607,4.2e-005,0.79033,0.001992
0.99961,4.3e-005,0.790333,0.00199
0.999613,4.1e-005,0.790336,0.001984
0.999615,4.1e-005,0.790336,0.001983
0.999618,4.1e-005,0.790335,0.001988
0.999619,4.1e-005,0.790334,0.001991
0.999622,4.1e-005,0.790345,0.001992
0.999624,4.1e-005,0.790351,0.001989
0.999627,4.2e-005,0.790358,0.001985
0.999629,4.2e-005,0.790357,0.00198
0.999631,4.1e-005,0.790368,0.001971
0.999633,4.1e-005,0.790372,0.001973
0.999635,4e-005,0.790383,0.001984
0.999637,4e-005,0.790388,0.001986
0.999639,4.1e-005,0.790385,0.001987
0.999642,4.1e-005,0.790386,0.001982
0.999642,4.1e-005,0.790382,0.001974
0.999645,4.1e-005,0.790378,0.001983
0.999646,4e-005,0.790382,0.001987
0.999648,4e-005,0.790387,0.001998
0.999649,4e-005,0.790384,0.001992
0.999652,3.9e-005,0.79038,0.001995
0.999654,3.8e-005,0.790383,0.001994
0.999656,3.8e-005,0.790389,0.001998
0.999658,3.7e-005,0.790377,0.002003
0.99966,3.8e-005,0.790375,0.002006
0.999661,3.7e-005,0.790373,0.002016
0.999664,3.8e-005,0.790372,0.002019
0.999667,3.7e-005,0.790367,0.002022
0.999669,3.8e-005,0.790366,0.002017
0.999672,3.8e-005,0.790369,0.002014
0.999673,3.6e-005,0.790368,0.002026
0.999676,3.7e-005,0.790377,0.002031
0.999678,3.7e-005,0.790381,0.002028
0.99968,3.8e-005,0.790375,0.002025
0.999683,3.8e-005,0.79037,0.002027
0.999684,3.7e-005,0.790369,0.002029
0.999687,3.6e-005,0.790365,0.002027
0.999688,3.6e-005,0.790367,0.002021
0.999689,3.6e-005,0.79037,0.002003
0.99969,3.7e-005,0.790373,0.001999
0.999691,3.5e-005,0.790376,0.002003
0.999693,3.5e-005,0.790375,0.002
0.999696,3.6e-005,0.790366,0.002001
0.999698,3.6e-005,0.790366,0.002006
0.9997,3.6e-005,0.790371,0.002014
0.999702,3.6e-005,0.79037,0.002015
0.999703,3.6e-005,0.790374,0.002003
0.999705,3.6e-005,0.790373,0.002003
0.999707,3.5e-005,0.790369,0.002002
0.99971,3.4e-005,0.790381,0.001998
0.999712,3.4e-005,0.790386,0.002
0.999714,3.4e-005,0.790385,0.002004
0.999715,3.3e-005,0.790385,0.00201
0.999717,3.4e-005,0.790381,0.00201
0.999718,3.3e-005,0.790387,0.002003
0.99972,3.3e-005,0.790388,0.001999
0.999722,3.4e-005,0.790394,0.001995
0.999723,3.4e-005,0.790396,0.001988
0.999725,3.4e-005,0.790393,0.001989
0.999726,3.4e-005,0.790394,0.001989
0.999728,3.5e-005,0.790393,0.001985
0.999729,3.4e-005,0.790387,0.001987
0.999731,3.4e-005,0.790386,0.001998
0.999733,3.4e-005,0.79039,0.002
0.999735,3.5e-005,0.790386,0.001997
0.999737,3.4e-005,0.790382,0.001984
0.999738,3.4e-005,0.790372,0.001979
0.999739,3.4e-005,0.79037,0.00198
0.999741,3.4e-005,0.790373,0.001979
0.999742,3.3e-005,0.790369,0.00198
0.999742,3.4e-005,0.790377,0.00197
0.999744,3.2e-005,0.790379,0.001962
0.999745,3.2e-005,0.790376,0.001963
0.999746,3.1e-005,0.79038,0.001957
0.999748,3.1e-005,0.790385,0.001954
0.99975,3e-005,0.790386,0.001956
0.999752,2.9e-005,0.790389,0.001943
0.999753,3e-005,0.790388,0.001943
0.999756,3e-005,0.790396,0.001951
0.999757,2.9e-005,0.790405,0.001945
0.999759,2.9e-005,0.790412,0.001939
0.99976,2.9e-005,0.790415,0.001939
0.999761,2.9e-005,0.790416,0.001942
0.999763,2.9e-005,0.790423,0.001943
0.999764,2.9e-005,0.790418,0.001955
0.999766,3e-005,0.790424,0.001956
0.999768,3e-005,0.79043,0.00194
0.999769,3e-005,0.790423,0.001942
0.999771,3e-005,0.790423,0.001948
0.999772,2.9e-005,0.790424,0.001945
0.999773,2.9e-005,0.790436,0.001944
0.999774,2.8e-005,0.790431,0.001948
0.999776,3e-005,0.790439,0.001941
0.999777,3e-005,0.790431,0.001939
0.999778,3e-005,0.790435,0.001934
0.99978,3e-005,0.790438,0.00193
0.999782,3e-005,0.790432,0.001914
0.999783,3e-005,0.790437,0.001922
0.999785,3e-005,0.790436,0.001923
0.999787,3.1e-005,0.790439,0.00192
0.999788,2.9e-005,0.790439,0.001916
0.999789,2.9e-005,0.79044,0.001908
0.99979,2.9e-005,0.790438,0.001906
0.999791,2.9e-005,0.790434,0.001896
0.999792,2.8e-005,0.790436,0.00189
0.999793,2.8e-005,0.790435,0.001885
0.999794,2.8e-005,0.790443,0.001884
0.999796,2.8e-005,0.790447,0.001884
0.999797,2.8e-005,0.790458,0.001897
0.999799,2.7e-005,0.790471,0.001901
0.9998,2.7e-005,0.790474,0.001902
0.999802,2.6e-005,0.790466,0.001907
0.999802,2.6e-005,0.79046,0.001905
0.999803,2.6e-005,0.790456,0.001897
0.999805,2.5e-005,0.790457,0.001904
0.999806,2.4e-005,0.790461,0.001906
0.999808,2.4e-005,0.790461,0.001904
0.999808,2.5e-005,0.790474,0.001902
0.99981,2.4e-005,0.790477,0.001894
0.999811,2.5e-005,0.790475,0.001898
0.999813,2.5e-005,0.790474,0.001909
0.999815,2.4e-005,0.790473,0.001913
0.999815,2.5e-005,0.79048,0.001931
0.999817,2.4e-005,0.790473,0.001921
0.999818,2.4e-005,0.790482,0.001908
0.999819,2.5e-005,0.790489,0.001914
0.99982,2.4e-005,0.790492,0.001904
0.999821,2.5e-005,0.790495,0.001906
0.999823,2.4e-005,0.790497,0.001904
0.999823,2.5e-005,0.790493,0.001904
0.999824,2.4e-005,0.790492,0.0019
0.999825,2.4e-005,0.790505,0.001898
0.999826,2.4e-005,0.790506,0.001907
0.999827,2.4e-005,0.790503,0.001898
0.999829,2.4e-005,0.790512,0.001899
0.99983,2.4e-005,0.790503,0.001893
0.999831,2.3e-005,0.790503,0.001893
0.999832,2.4e-005,0.790495,0.001889
0.999834,2.3e-005,0.790499,0.001904
0.999835,2.3e-005,0.790498,0.0019
0.999835,2.3e-005,0.790495,0.001898
0.999837,2.3e-005,0.7905,0.001897
0.999838,2.2e-005,0.79051,0.001895
0.999838,2.2e-005,0.790508,0.001901
0.999839,2.2e-005,0.790513,0.001893
0.999841,2.2e-005,0.790509,0.001899
0.999842,2.2e-005,0.790507,0.001891
0.999843,2.2e-005,0.790506,0.001891
0.999845,2.2e-005,0.790508,0.001886
0.999845,2.2e-005,0.790524,0.001876
0.999847,2.2e-005,0.790516,0.001883
0.999848,2.2e-005,0.790519,0.001886
0.999849,2.1e-005,0.790524,0.001887
0.99985,2.2e-005,0.790523,0.001886
0.99985,2.2e-005,0.790525,0.001892
0.999851,2.2e-005,0.790522,0.001893
0.999852,2.2e-005,0.790519,0.001894
0.999852,2.2e-005,0.790515,0.001891
0.999854,2.2e-005,0.790517,0.00189
0.999854,2.3e-005,0.790515,0.001896
0.999856,2.3e-005,0.790517,0.001893
0.999856,2.3e-005,0.790519,0.001894
0.999858,2.2e-005,0.79051,0.001911
0.999859,2.2e-005,0.790519,0.001912
0.999859,2.2e-005,0.790515,0.001912
0.99986,2.2e-005,0.790516,0.001916
0.99986,2.2e-005,0.790529,0.001929
0.999861,2.2e-005,0.790525,0.00193
0.999862,2.2e-005,0.790527,0.001932
0.999862,2.2e-005,0.79053,0.001933
0.999863,2.2e-005,0.790536,0.001942
0.999864,2.3e-005,0.790531,0.001951
0.999865,2.3e-005,0.790541,0.001954
0.999866,2.3e-005,0.79055,0.001946
0.999868,2.3e-005,0.790548,0.001946
0.999869,2.3e-005,0.790556,0.00195
0.99987,2.3e-005,0.790556,0.001942
0.99987,2.3e-005,0.790556,0.001941
0.999871,2.3e-005,0.790552,0.001946
0.999872,2.3e-005,0.790548,0.001948
0.999873,2.2e-005,0.790543,0.00195
0.999874,2.2e-005,0.79054,0.001938
0.999874,2.2e-005,0.790545,0.001942
0.999876,2.1e-005,0.790551,0.001938
0.999876,2.2e-005,0.79055,0.001935
0.999877,2.2e-005,0.790548,0.001931
0.999877,2.2e-005,0.790551,0.001936
0.999878,2.2e-005,0.790544,0.001933
0.999879,2.1e-005,0.79055,0.001929
0.999879,2.1e-005,0.790547,0.001932
0.99988,2.1e-005,0.790553,0.001926
0.999881,2.1e-005,0.790561,0.001917
0.999881,2.1e-005,0.790561,0.00191
0.999883,2e-005,0.790567,0.001914
0.999884,2e-005,0.790577,0.001918
0.999884,2e-005,0.790568,0.001903
0.999885,2.1e-005,0.790574,0.0019
0.999886,2e-005,0.790571,0.001897
0.999887,2e-005,0.79057,0.001897
0.999887,2e-005,0.790564,0.001899
0.999888,2e-005,0.790566,0.001908
0.999889,2e-005,0.790566,0.001911
0.99989,1.9e-005,0.790562,0.001903
0.999891,2e-005,0.790573,0.001897
0.999891,2e-005,0.790568,0.001903
0.999892,2e-005,0.790564,0.001904
0.999893,1.9e-005,0.790564,0.001901
0.999893,1.9e-005,0.790561,0.001898
0.999895,2e-005,0.790559,0.001898
0.999895,2e-005,0.790562,0.00189
0.999896,1.9e-005,0.790556,0.001884
0.999896,2e-005,0.790558,0.001885
0.999897,2e-005,0.790563,0.00188
0.999897,1.9e-005,0.790567,0.001884
0.999898,1.9e-005,0.790563,0.001883
0.999899,2e-005,0.790576,0.001887
0.999899,2e-005,0.790579,0.001888
0.999899,1.9e-005,0.790584,0.001889
0.9999,1.9e-005,0.790582,0.00188
0.999901,1.9e-005,0.790579,0.001874
0.999901,1.9e-005,0.790579,0.001881
0.999902,1.9e-005,0.790579,0.001871
0.999903,1.9e-005,0.790579,0.001875
0.999904,1.8e-005,0.790578,0.001885
0.999904,1.9e-005,0.79058,0.001884
0.999905,1.9e-005,0.790585,0.001876
0.999906,1.8e-005,0.790585,0.001879
0.999906,1.9e-005,0.790577,0.001875
0.999907,1.8e-005,0.790576,0.001871
0.999907,1.8e-005,0.790573,0.001873
0.999909,1.8e-005,0.790576,0.00188
0.999909,1.8e-005,0.79058,0.001883
0.99991,1.8e-005,0.790592,0.001883
0.99991,1.8e-005,0.790593,0.001885
0.999911,1.8e-005,0.790597,0.001891
0.999911,1.8e-005,0.790596,0.001895
0.999912,1.8e-005,0.790595,0.001893
0.999912,1.8e-005,0.790589,0.001895
0.999912,1.8e-005,0.790587,0.001898
0.999913,1.8e-005,0.790586,0.001887
0.999914,1.7e-005,0.790588,0.001886
0.999914,1.7e-005,0.790589,0.001896
0.999915,1.7e-005,0.790597,0.001897
0.999915,1.7e-005,0.790599,0.001893
0.999916,1.7e-005,0.790605,0.001888
0.999916,1.7e-005,0.790608,0.001892
0.999917,1.7e-005,0.790609,0.001886
0.999918,1.7e-005,0.790605,0.001889
0.999918,1.7e-005,0.790613,0.001886
0.999918,1.6e-005,0.790611,0.00189
0.999919,1.6e-005,0.790608,0.001893
0.99992,1.6e-005,0.790604,0.001896
0.99992,1.7e-005,0.790604,0.001898
0.999921,1.6e-005,0.790593,0.001902
0.999922,1.6e-005,0.790594,0.001896
0.999922,1.6e-005,0.790593,0.001895
0.999923,1.5e-005,0.790592,0.001888
0.999923,1.5e-005,0.790595,0.001873
0.999924,1.5e-005,0.7906,0.001878
0.999924,1.5e-005,0.790601,0.001877
0.999925,1.5e-005,0.7906,0.00187
0.999926,1.5e-005,0.7906,0.001869
0.999926,1.5e-005,0.790598,0.00187
0.999926,1.5e-005,0.790602,0.001872
0.999927,1.5e-005,0.790602,0.00187
0.999927,1.5e-005,0.790598,0.001866
0.999928,1.5e-005,0.790594,0.001869
0.999928,1.5e-005,0.790585,0.001872
0.999929,1.5e-005,0.79059,0.001877
0.999929,1.4e-005,0.790592,0.001877
0.99993,1.4e-005,0.790592,0.001876
0.99993,1.5e-005,0.79059,0.001866
0.99993,1.4e-005,0.790602,0.00187
0.999931,1.4e-005,0.790602,0.001875
0.999931,1.4e-005,0.790591,0.001874
0.999931,1.4e-005,0.790584,0.00187
0.999932,1.4e-005,0.790589,0.001869
0.999932,1.5e-005,0.790592,0.001875
