"Feature","Gain","Cover","Frequence"
"1461",0.0372937,0.0142505,0.00173469
"441",0.0145776,0.0185471,0.00181122
"910",0.00812317,0.00926524,0.00182282
"3",0.00774786,0.0215809,0.00659091
"2",0.00630047,0.0110881,0.00631494
"32",0.00593959,0.00238949,0.00124304
"517",0.00549229,0.00648628,0.00358998
"595",0.0053212,0.00510166,0.0030705
"456",0.00525285,0.0100248,0.00153061
"98",0.00516194,0.0138784,0.00427644
"497",0.00463776,0.00845557,0.00298469
"240",0.0043794,0.0033893,0.00448052
"33",0.00419527,0.00258504,0.00110853
"513",0.00407014,0.00858348,0.00304267
"89",0.00371028,0.00546149,0.00424397
"153",0.00365235,0.00232933,0.0045385
"495",0.0036186,0.00474086,0.00269017
"1",0.00353186,0.00395486,0.00384276
"356",0.00352113,0.00381597,0.00236549
"593",0.00349953,0.00603888,0.00297774
"727",0.00346865,0.00472596,0.00181818
"237",0.00343292,0.00324676,0.00226809
"80",0.00327856,0.00311067,0.00394712
"453",0.00313891,0.00548528,0.00106911
"512",0.0031188,0.00239348,0.00329082
"87",0.00306601,0.0033913,0.00357607
"1334",0.00304897,0.00430518,0.000871985
"166",0.00300333,0.00290573,0.00383813
"731",0.00299006,0.00315504,0.00340445
"1462",0.00293612,0.00331123,0.00346707
"735",0.00293485,0.00330617,0.00213822
"515",0.00292649,0.00229226,0.00281308
"357",0.00288659,0.00283633,0.00266698
"369",0.00284135,0.00352692,0.00202458
"222",0.00283234,0.00449077,0.000445269
"254",0.00281468,0.00225124,0.00352273
"640",0.00279732,0.00242492,0.00157468
"547",0.00273845,0.00248375,0.00289889
"145",0.00273453,0.00191181,0.00320037
"1296",0.00272592,0.00340864,0.00216373
"728",0.00269838,0.00357058,0.00169527
"292",0.00269307,0.00443793,0.00226345
"130",0.00268192,0.00165921,0.00328154
"117",0.00264778,0.00653535,0.00273655
"122",0.00259924,0.00335708,0.00267857
"137",0.00259093,0.00232295,0.00282004
"536",0.00257164,0.00396301,0.0029731
"159",0.00256788,0.00202695,0.0030218
"249",0.00254921,0.00181616,0.00263683
"496",0.0025461,0.00225857,0.00252783
"544",0.00254359,0.00170218,0.00266698
"320",0.00253645,0.00188991,0.00276206
"1059",0.00251429,0.00214749,0.00289657
"116",0.00248374,0.00378955,0.00279685
"545",0.00246687,0.00186377,0.00262059
"452",0.0024572,0.00548392,0.00181122
"264",0.00245708,0.00246559,0.00220779
"548",0.00245449,0.00275386,0.00264378
"694",0.00244837,0.00195622,0.00273887
"505",0.0024444,0.00357475,0.00230983
"1293",0.00243908,0.00435663,0.00154917
"361",0.00243817,0.00240293,0.00233766
"526",0.00238475,0.00445405,0.00219388
"693",0.00237475,0.00429462,0.00282236
"227",0.00234825,0.00195469,0.00291744
"519",0.00228672,0.00270303,0.00236549
"516",0.00227324,0.00201323,0.00214286
"245",0.00221968,0.00121263,0.00253479
"268",0.00218812,0.00138111,0.00253942
"325",0.00218683,0.00191289,0.00244666
"522",0.00217054,0.00200908,0.0023539
"720",0.00216972,0.00174142,0.0018321
"147",0.00215763,0.001707,0.00258813
"1095",0.00214821,0.00149691,0.0022449
"132",0.00214754,0.00179658,0.00255334
"287",0.00214404,0.00167602,0.00241651
"546",0.00214319,0.00197251,0.00241651
"288",0.00213088,0.00155137,0.00233302
"1294",0.00211314,0.00356354,0.00136132
"99",0.00211036,0.00155275,0.00263451
"360",0.00209999,0.00268319,0.00172078
"1094",0.00208459,0.00166884,0.00244898
"290",0.00207372,0.00223833,0.00187152
"119",0.00206403,0.00245649,0.00226809
"226",0.00206335,0.00176973,0.00255798
"151",0.00206067,0.00118447,0.00260204
"839",0.00205462,0.00100118,0.00247913
"365",0.0020472,0.00171162,0.00233071
"71",0.00204653,0.00121178,0.000602968
"745",0.00204412,0.00195642,0.00209184
"136",0.00203849,0.00151626,0.00236317
"902",0.00199638,0.00148015,0.00235853
"973",0.00199628,0.00311032,0.00119666
"44",0.00197043,0.00119084,0.000248145
"118",0.00196996,0.00385645,0.00239564
"746",0.00195897,0.00139162,0.00217996
"493",0.00195594,0.00101069,0.00265538
"1128",0.00195194,0.00117697,0.00230751
"829",0.00193948,0.00131701,0.00241883
"499",0.00193861,0.00325977,0.00220315
"1134",0.00193088,0.00160385,0.00219156
"269",0.00190196,0.000940361,0.00233766
"528",0.00190002,0.0032805,0.00195269
"187",0.00189937,0.00185025,0.00224954
"293",0.00188214,0.001862,0.00222403
"370",0.00188062,0.00223338,0.00179731
"509",0.00188033,0.000996117,0.00221011
"802",0.00187126,0.00186486,0.00197124
"345",0.0018656,0.00144401,0.00211271
"785",0.00186461,0.00132467,0.00226577
"271",0.00183913,0.0013655,0.00218692
"504",0.00181537,0.0021739,0.00195733
"518",0.00180515,0.00152757,0.0020269
"752",0.00179018,0.00100646,0.00209184
"730",0.00178826,0.00165064,0.00179499
"711",0.00178711,0.00100887,0.00184137
"506",0.00178116,0.0022751,0.00176716
"1105",0.00176435,0.00180082,0.00216373
"270",0.00175065,0.0017577,0.00206633
"507",0.00174309,0.00152727,0.00199212
"479",0.00173991,0.00117684,0.00204777
"364",0.00173925,0.00156608,0.0017115
"571",0.0017217,0.00264877,0.00208024
"161",0.00171811,0.00159281,0.00214981
"950",0.00170284,0.00116792,0.0020385
"501",0.0016924,0.00104098,0.00199212
"133",0.00168936,0.00138167,0.00216373
"734",0.00168242,0.00121116,0.00161642
"1076",0.0016807,0.00144673,0.00169759
"934",0.00167518,0.00179796,0.00133349
"502",0.00167479,0.00139168,0.00186688
"659",0.00165337,0.00289139,0.000684137
"494",0.00165271,0.001266,0.00218228
"135",0.00164338,0.00179622,0.0019898
"1088",0.00163667,0.000936959,0.00181122
"112",0.00163456,0.00273779,0.00192718
"34",0.00162668,0.0011461,0.00110622
"713",0.00162226,0.00152684,0.00188312
"974",0.00161452,0.00433529,0.00111085
"508",0.00161362,0.00272838,0.00178571
"724",0.001613,0.000993878,0.00166048
"491",0.00160566,0.00208375,0.00203618
"371",0.00160345,0.000721792,0.00179731
"503",0.0016025,0.00126297,0.00173237
"96",0.00159981,0.00103889,0.00190631
"726",0.0015995,0.00298659,0.00170686
"286",0.00159209,0.00131378,0.00195501
"289",0.00158784,0.00103176,0.00188776
"150",0.00158161,0.0013209,0.00181818
"162",0.00157975,0.00138641,0.00197124
"500",0.00157434,0.00389221,0.00187152
"1082",0.00156732,0.000974882,0.0018205
"79",0.00156727,0.00191527,0.00191095
"148",0.00156457,0.00123995,0.0019179
"638",0.00156306,0.0032939,0.00155612
"306",0.00155878,0.00115596,0.00135668
"715",0.00154274,0.000746452,0.00175788
"134",0.00154058,0.000925844,0.00180427
"840",0.0015349,0.000936044,0.00164425
"1133",0.00152701,0.0010284,0.00169759
"368",0.00152237,0.00124511,0.00179731
"742",0.00151899,0.000887021,0.00176484
"481",0.00151544,0.00236501,0.0018321
"721",0.00151033,0.00102073,0.00163497
"355",0.00150538,0.00107457,0.00185761
"366",0.00150407,0.00111241,0.00197588
"1288",0.00150329,0.00115449,0.00120826
"1112",0.0015013,0.001406,0.00154685
"38",0.00150112,0.000933772,0.000322356
"492",0.00150065,0.00147415,0.00190863
"250",0.00148852,0.000873213,0.00170223
"1384",0.0014862,0.0015314,0.00113868
"319",0.00148381,0.000836576,0.00181586
"952",0.00147343,0.00170627,0.00150278
"511",0.00147289,0.00114863,0.0018692
"739",0.00146817,0.000757581,0.00187616
"722",0.00146476,0.000791869,0.00163961
"732",0.00145881,0.000986578,0.00170455
"956",0.00145287,0.00118464,0.0012384
"729",0.00145034,0.00137372,0.00147959
"532",0.00144875,0.00134734,0.00158163
"259",0.00144806,0.00221451,0.00176716
"35",0.00144713,0.000841253,0.00136827
"411",0.00144549,0.00318927,0.000941558
"961",0.00144382,0.00109396,0.00154685
"149",0.00144334,0.000887087,0.00169295
"1460",0.0014391,0.00881784,0.000772263
"1081",0.00143649,0.00084926,0.00163497
"1391",0.00143235,0.0009996,0.0016257
"743",0.00143048,0.0018867,0.0013961
"568",0.00142971,0.00210322,0.00144481
"248",0.00142901,0.00104613,0.00164425
"523",0.00142701,0.00205378,0.00158395
"349",0.0014266,0.000918894,0.00166744
"749",0.00141765,0.000860457,0.00167208
"1080",0.00141457,0.000734502,0.00165816
"847",0.00140863,0.00105605,0.00142625
"1431",0.0014066,0.00119703,0.00173006
"537",0.00140363,0.000834274,0.00175325
"1087",0.00140175,0.000962259,0.00158627
"282",0.00139415,0.00133247,0.00107839
"272",0.00137854,0.000859253,0.00155612
"767",0.00137041,0.00105858,0.00154917
"525",0.00136725,0.0017457,0.00150742
"190",0.00134824,0.00181967,0.00157236
"396",0.00133964,0.00367091,0.000983302
"220",0.00133921,0.00444811,0.000542672
"362",0.00133905,0.000731296,0.00168367
"346",0.00133826,0.000869887,0.00160946
"498",0.00132768,0.000752208,0.00164657
"714",0.00132389,0.000609933,0.00124536
"1135",0.00132378,0.000882312,0.00164657
"1365",0.00132291,0.00105429,0.000737477
"717",0.00132224,0.000801454,0.00150278
"741",0.0013222,0.000849101,0.00154453
"733",0.00132075,0.000830725,0.00146336
"164",0.00131614,0.00111432,0.0015167
"725",0.00131544,0.000910667,0.001359
"474",0.00131309,0.000984906,0.00165121
"594",0.00131222,0.00102466,0.000725881
"321",0.00131198,0.000991847,0.00147959
"911",0.00131099,0.001436,0.00127319
"1066",0.00131064,0.00134011,0.00155612
"152",0.00131062,0.00142252,0.00165816
"1122",0.00130076,0.000660879,0.00163265
"4",0.00129283,0.00809801,0.000881262
"1351",0.00129269,0.000794258,0.00142857
"744",0.0012878,0.000702065,0.00145872
"549",0.00128484,0.00104264,0.00147495
"897",0.0012843,0.000948997,0.00152365
"1290",0.00127602,0.00197038,0.000394249
"718",0.00127256,0.001319,0.00147032
"113",0.00126753,0.00124552,0.00161642
"165",0.00125339,0.00104001,0.00150974
"447",0.00124964,0.00148463,0.00130566
"747",0.00124945,0.000698446,0.00144481
"1078",0.00124344,0.00103689,0.00147495
"239",0.00123789,0.000994914,0.00150974
"350",0.00123649,0.00120842,0.00137523
"1020",0.00123444,0.00102475,0.00135204
"405",0.0012342,0.00152054,0.00109926
"947",0.00123316,0.000903143,0.0013474
"1127",0.00122914,0.00100217,0.00143785
"529",0.00122862,0.000998827,0.00149351
"1393",0.0012284,0.00107637,0.00137755
"163",0.0012271,0.000932272,0.00153293
"440",0.00122256,0.000485941,0.00134045
"252",0.00122089,0.00104639,0.00144944
"467",0.00121302,0.000907658,0.00142161
"918",0.00121276,0.000951481,0.00100881
"482",0.0012126,0.00256055,0.000848794
"322",0.00121026,0.000932026,0.00146336
"957",0.00120835,0.00052551,0.00149351
"510",0.0012043,0.000411368,0.00144017
"1100",0.001202,0.000493745,0.00143089
"1289",0.00120016,0.00154634,0.000596011
"281",0.00119836,0.000894179,0.00135436
"531",0.00119195,0.0021288,0.001359
"846",0.00118187,0.00079737,0.00141002
"186",0.0011815,0.000697582,0.00149814
"960",0.00118086,0.00106146,0.00142161
"278",0.00117985,0.00209421,0.00113636
"90",0.00117844,0.00194889,0.00141466
"1424",0.00117241,0.000652037,0.00140306
"238",0.00117101,0.000989415,0.00151902
"415",0.00116308,0.000940514,0.00138219
"629",0.00115885,0.000754425,0.00145408
"948",0.0011568,0.000757013,0.00116187
"748",0.00115481,0.000678176,0.00137291
"524",0.00114748,0.00166217,0.00126391
"916",0.00114668,0.0011498,0.000997217
"1373",0.00114253,0.000560758,0.00131725
"1286",0.00113793,0.000914892,0.00126391
"358",0.00113594,0.000704956,0.00150742
"142",0.00112991,0.00105913,0.00137059
"1117",0.00112818,0.000642063,0.00137755
"480",0.00112602,0.00133495,0.00147727
"107",0.00112173,0.000669395,0.00150046
"490",0.00111953,0.00178855,0.00112709
"1429",0.00111851,0.000871677,0.00135436
"425",0.00111651,0.000544424,0.00142161
"326",0.00111208,0.00160458,0.000955473
"1372",0.00111071,0.000687951,0.00136132
"719",0.00110317,0.000712169,0.00128711
"45",0.00109762,0.00056328,0.000282931
"1442",0.00109051,0.00079866,0.00123377
"169",0.00108982,0.000674157,0.00142625
"253",0.00108865,0.000426962,0.00137291
"589",0.00108784,0.00320799,0.000980983
"738",0.00108496,0.000597072,0.00127087
"104",0.0010842,0.00226072,0.0012987
"716",0.00107804,0.000844709,0.00128479
"535",0.00107548,0.00203291,0.00121058
"158",0.0010673,0.00100118,0.00129406
"1370",0.00106706,0.000841915,0.00124304
"995",0.00106316,0.000745753,0.00046846
"1132",0.00106015,0.000777402,0.00118506
"967",0.00105235,0.0025837,0.00108534
"903",0.00105063,0.00164087,0.00113173
"401",0.00104938,0.00160703,0.00101809
"534",0.0010457,0.00112224,0.00106215
"723",0.00104546,0.000772609,0.00119898
"841",0.00104359,0.000993132,0.00104128
"575",0.00104181,0.000390306,0.00114564
"768",0.00104135,0.000981876,0.00108766
"895",0.00103728,0.000580751,0.00110622
"438",0.00103451,0.0015735,0.0013961
"933",0.0010344,0.00172389,0.00102273
"1357",0.00103231,0.00103255,0.00105519
"712",0.00103146,0.00151632,0.00128247
"1083",0.00102743,0.000609378,0.00124304
"695",0.001026,0.000575782,0.00125696
"1383",0.00102532,0.000542926,0.00109462
"965",0.00102477,0.00157921,0.00101113
"1369",0.00102389,0.000911801,0.00121985
"46",0.00102363,0.000799491,0.000380334
"439",0.00101538,0.000468527,0.00121521
"953",0.00101124,0.0005719,0.000136827
"579",0.00100497,0.000573634,0.00122217
"567",0.000999215,0.000338237,0.00123377
"437",0.000995806,0.000627117,0.00118275
"958",0.000990736,0.000534885,0.00104824
"736",0.000989165,0.000711341,0.00118738
"765",0.000985638,0.000661592,0.00111317
"36",0.000984834,0.00242357,0.000433673
"576",0.000983115,0.000705459,0.00105056
"970",0.000982944,0.000679939,0.000874304
"1368",0.000981387,0.00043725,0.00117347
"1026",0.000980129,0.000516379,0.00121753
"451",0.000971905,0.00168162,0.000895176
"263",0.000970873,0.000694042,0.00121058
"378",0.000969575,0.0022405,0.000985622
"1061",0.000965511,0.000901862,0.00113868
"1079",0.000965211,0.00072462,0.00119434
"904",0.000965086,0.000714262,0.00107375
"959",0.000962884,0.000495702,0.00116883
"471",0.000959277,0.000411474,0.0012013
"1352",0.000956588,0.00109243,0.000967069
"43",0.000956197,0.000777642,0.000243506
"530",0.000955593,0.0012721,0.00104592
"1101",0.000954124,0.000522711,0.00121289
"639",0.0009493,0.00104232,0.00108071
"470",0.000943758,0.000553211,0.00118738
"1396",0.000942952,0.000612298,0.00109462
"586",0.000942616,0.0011117,0.00108302
"514",0.000938505,0.00237521,0.00102273
"527",0.000938409,0.00149147,0.000971707
"1374",0.000936362,0.000641804,0.0008859
"1392",0.000935012,0.000580894,0.00112245
"461",0.000932779,0.000950573,0.000906772
"1375",0.000931541,0.000441726,0.0011526
"627",0.000927643,0.000549649,0.000957792
"908",0.000923852,0.000570457,0.00116187
"1388",0.000923132,0.000322017,0.0011897
"909",0.000922793,0.00100005,0.00102737
"436",0.000922166,0.00117077,0.00112709
"628",0.000919604,0.00041293,0.00113636
"468",0.000917606,0.000705795,0.00121985
"917",0.000916466,0.000663689,0.00101345
"318",0.000913166,0.000351386,0.00113173
"920",0.000912005,0.000483402,0.00106215
"994",0.000910141,0.00066123,0.000424397
"804",0.000908444,0.00200869,0.00102968
"842",0.000901625,0.000744386,0.000980983
"1371",0.00089706,0.000454901,0.00102968
"294",0.000890925,0.00185239,0.00104128
"291",0.000889799,0.000547197,0.00099026
"737",0.00088885,0.00052743,0.00110158
"915",0.00088486,0.00161748,0.000888219
"520",0.000880909,0.00101687,0.000939239
"469",0.000878989,0.00113428,0.00112941
"1343",0.000878536,0.00100803,0.000927644
"1385",0.000877271,0.000789059,0.00113404
"1420",0.000873098,0.000825445,0.000978664
"964",0.000867006,0.00046933,0.000950835
"432",0.00086641,0.000585594,0.000904453
"421",0.000863799,0.000626196,0.000858071
"606",0.00086293,0.000524595,0.00111549
"351",0.000859087,0.000844617,0.00096243
"809",0.000855409,0.00127576,0.000899814
"1430",0.000853611,0.00106081,0.000916048
"647",0.000853183,0.000772016,0.000844156
"1344",0.000851893,0.000899867,0.00086039
"402",0.000847877,0.00109468,0.000514842
"632",0.000846309,0.000588875,0.000577458
"740",0.000846279,0.000473282,0.00100186
"457",0.000841388,0.000818433,0.00109694
"1425",0.00084084,0.000696994,0.000902134
"476",0.000839249,0.000970587,0.00104592
"1084",0.000837432,0.000504725,0.000976345
"1377",0.000834696,0.000423746,0.000904453
"168",0.000829864,0.00139055,0.000939239
"466",0.000828945,0.000419995,0.0010436
"1378",0.000828144,0.000604144,0.000876623
"1029",0.000825276,0.000432809,0.00106215
"751",0.000819056,0.000396927,0.000955473
"1177",0.000818643,0.00122214,0.000974026
"273",0.000818238,0.000488076,0.00101809
"1058",0.000816185,0.000639159,0.00100417
"601",0.000814255,0.000569441,0.000974026
"463",0.000808209,0.00114529,0.000802412
"251",0.000806389,0.000465183,0.00100649
"559",0.000801167,0.000658955,0.000985622
"692",0.000798705,0.000868967,0.000855751
"260",0.00079803,0.000554765,0.00096243
"808",0.000796022,0.000584832,0.000897495
"686",0.000790556,0.000678307,0.000943878
"966",0.00078837,0.000384125,0.0008859
"646",0.000785447,0.00059975,0.000730519
"882",0.000785011,0.000684787,0.000514842
"927",0.000784912,0.00105797,0.00041744
"539",0.00078362,0.00141828,0.000758349
"442",0.000781998,0.000767303,0.000943878
"185",0.000779916,0.000458832,0.00105519
"976",0.000778616,0.000894307,0.000447588
"1068",0.000778533,0.000966219,0.000878942
"607",0.000777159,0.000419861,0.001032
"477",0.000773937,0.000557745,0.00100417
"645",0.000767465,0.000463057,0.000967069
"540",0.000766699,0.000925031,0.000739796
"1435",0.000763341,0.00045239,0.00096243
"1309",0.000762866,0.00046916,0.000783859
"1053",0.000752798,0.000414744,0.000892857
"1367",0.000752189,0.000696322,0.00099026
"580",0.000749948,0.000351357,0.000881262
"962",0.000745215,0.00023125,0.00100649
"1085",0.000740007,0.000530533,0.000865028
"690",0.000739463,0.000289768,0.000985622
"37",0.00073892,0.000668717,0.000347866
"542",0.000738154,0.000435881,0.000983302
"277",0.000736349,0.00147049,0.000802412
"1376",0.000736164,0.000361794,0.000929963
"1426",0.000735704,0.000476231,0.000779221
"1089",0.000724974,0.000297776,0.00080705
"684",0.000724063,0.000490159,0.000422078
"257",0.000723976,0.00156873,0.000718924
"1471",0.000720664,0.00059517,0.000656308
"1379",0.000720485,0.000396288,0.000698052
"563",0.000715151,0.00103298,0.00086039
"939",0.000711397,0.000476953,0.000869666
"1382",0.000711166,0.000307066,0.000839518
"1250",0.000710765,0.0015498,0.000790816
"199",0.000708977,0.000456436,0.00078154
"323",0.000707679,0.00156195,0.000749072
"460",0.000703159,0.000238104,0.000960111
"1090",0.000702246,0.000245169,0.000865028
"608",0.000701995,0.000232874,0.000848794
"296",0.000701515,0.000259615,0.000934601
"489",0.000700567,0.00112396,0.000892857
"612",0.000698721,0.000305422,0.000871985
"983",0.000696214,0.00039692,0.000853432
"434",0.000694904,0.000341108,0.000846475
"648",0.000693583,0.000273477,0.00096475
"757",0.000688612,0.00113825,0.000540353
"625",0.000686922,0.000233511,0.000853432
"949",0.00068667,0.000397519,0.000795455
"879",0.000683416,0.000426456,0.000691095
"459",0.000683034,0.000544656,0.000869666
"615",0.000682565,0.00035611,0.000895176
"602",0.000681621,0.00111376,0.000758349
"631",0.000680424,0.000366608,0.000848794
"556",0.000673954,0.000469778,0.000825603
"845",0.000672552,0.000318662,0.000783859
"1028",0.000669925,0.000381777,0.000795455
"924",0.000667885,0.000335883,0.000776902
"758",0.000667342,0.000623566,0.000535714
"701",0.000664126,0.000523559,0.000217996
"1408",0.000663928,0.000218545,0.000839518
"276",0.000662087,0.000564138,0.000774583
"633",0.000661768,0.00148617,0.000519481
"1060",0.000661332,0.000404647,0.000758349
"980",0.000658149,0.00100617,0.00028757
"978",0.000656981,0.000682596,0.000797774
"1126",0.000655591,0.000353492,0.000814007
"613",0.000654596,0.000626861,0.000830241
"604",0.000652244,0.000437163,0.000698052
"400",0.000651483,0.000421783,0.000876623
"184",0.000649151,0.000272138,0.000811688
"660",0.000649074,0.000374848,0.000851113
"784",0.000646397,0.000362711,0.000742115
"448",0.000646113,0.00069184,0.000688776
"685",0.000644032,0.000461074,0.000739796
"900",0.00064383,0.000651043,0.000760668
"814",0.000642882,0.000462164,0.000802412
"1027",0.000641582,0.000388124,0.000744434
"472",0.000641479,0.000512099,0.000772263
"232",0.000640944,0.000514503,0.000797774
"1423",0.000639949,0.000347198,0.000762987
"1380",0.000637585,0.000370726,0.000714286
"614",0.000635674,0.000500941,0.000818646
"1350",0.000634294,0.000626994,0.000749072
"416",0.000633012,0.000860836,0.000484694
"587",0.00063206,0.000740809,0.000746753
"652",0.00063153,0.000244841,0.000797774
"793",0.000630053,0.000303765,0.000746753
"914",0.000627461,0.000776986,0.000635436
"100",0.000625338,0.00035846,0.000795455
"788",0.000621765,0.000341478,0.000749072
"697",0.000621394,0.000424913,0.000695733
"233",0.000621031,0.000279449,0.000804731
"42",0.000619146,0.00102202,0.000222635
"968",0.000617877,0.000734463,0.000480056
"577",0.000617698,0.00023606,0.000762987
"551",0.000615778,0.000298954,0.000735158
"665",0.000615356,0.000230593,0.000746753
"554",0.000613867,0.000378051,0.000718924
"1317",0.00061279,0.000253276,0.000753711
"1077",0.000610324,0.00020548,0.000793135
"599",0.000607756,0.000313568,0.000823284
"626",0.000605348,0.000225163,0.000758349
"984",0.000604895,0.000740351,0.000693414
"963",0.00060488,0.00043386,0.000737477
"1086",0.000602678,0.000387941,0.000758349
"787",0.000601825,0.000522322,0.000644712
"766",0.000601654,0.000540642,0.000635436
"775",0.000598162,0.000216529,0.000776902
"709",0.000596864,0.000446267,0.000739796
"792",0.000596681,0.000495095,0.00057282
"588",0.000595092,0.00057411,0.000614564
"901",0.000593659,0.000559256,0.000637755
"935",0.000593094,0.000406918,0.000765306
"824",0.000591858,0.000585262,0.00062616
"543",0.000585747,0.00032009,0.000786178
"1118",0.000584421,0.000734174,0.000758349
"1390",0.00058403,0.000279032,0.000721243
"428",0.000583415,0.00140866,0.000730519
"1403",0.000581668,0.000203951,0.000751391
"689",0.000573745,0.000186942,0.000751391
"810",0.000573689,0.000253025,0.000746753
"993",0.000572773,0.000353868,0.000489332
"541",0.000570399,0.0002279,0.0007282
"899",0.000570377,0.000965396,0.000670223
"114",0.00056716,0.000511695,0.000658627
"1018",0.000566476,0.000892525,0.000609926
"446",0.000565635,0.000373203,0.00067718
"691",0.000562615,0.000273918,0.000628479
"1450",0.000562345,0.000596444,0.000586735
"624",0.000561626,0.000346308,0.000735158
"297",0.000559169,0.000254949,0.000700371
"878",0.000557649,0.000350526,0.000579777
"1475",0.000557614,0.000542313,0.000637755
"641",0.000554768,0.000385656,0.000667904
"561",0.00055269,0.000291526,0.000591373
"427",0.000551358,0.000730771,0.000642393
"1287",0.000547797,0.000354978,0.000556586
"763",0.000545639,0.000315711,0.00059833
"1093",0.000545332,0.000456778,0.000723562
"1422",0.000544448,0.000517584,0.000647032
"423",0.000543781,0.00029447,0.000672542
"664",0.000543469,0.000152225,0.000658627
"1113",0.000542233,0.000189544,0.000709647
"661",0.000541993,0.000216452,0.000644712
"564",0.000537452,0.000359317,0.00062616
"649",0.000537176,0.000217241,0.000605288
"1048",0.000533846,0.000504842,0.000607607
"857",0.0005305,0.000365842,0.000551948
"1432",0.000530186,0.000367715,0.000663265
"657",0.00052876,0.000158782,0.000609926
"341",0.00052615,0.00153408,0.000628479
"336",0.000525079,0.000556108,0.000619202
"1310",0.000524296,0.000315597,0.000514842
"666",0.000522175,0.000226707,0.000714286
"301",0.000521267,0.00022668,0.000686456
"877",0.000520816,0.000443206,0.000558905
"404",0.000519813,0.000455815,0.000542672
"1474",0.000519519,0.000615857,0.000517161
"372",0.000519151,0.000219588,0.000667904
"555",0.000518576,0.000480184,0.00065167
"786",0.000518299,0.000527812,0.000538033
"1303",0.000516969,0.000408972,0.000612245
"1291",0.000516074,0.000679567,0.000224954
"634",0.000514465,0.000302429,0.000549629
"975",0.000514381,0.000403346,0.000345547
"636",0.000514087,0.000334284,0.000642393
"843",0.000512488,0.000274388,0.000602968
"83",0.000512435,0.00058314,0.000612245
"1421",0.000511541,0.000870575,0.000565863
"822",0.00051145,0.000589222,0.000568182
"397",0.000508085,0.000606924,0.000565863
"1349",0.000507761,0.00028106,0.000563544
"858",0.000504733,0.000366192,0.00062384
"1448",0.000504678,0.00164959,0.000561224
"203",0.000502669,0.000613905,0.000531076
"284",0.000499138,0.000707422,0.000605288
"803",0.00049848,0.000673684,0.000519481
"1312",0.000498255,0.000171236,0.000596011
"844",0.000497774,0.000346501,0.000568182
"246",0.000492894,0.00142819,0.000498609
"1015",0.00049184,0.000332084,0.000635436
"800",0.000491818,0.000364263,0.000589054
"572",0.000490307,0.000474125,0.000422078
"1381",0.000490091,0.00041426,0.000584416
"1409",0.000487574,0.000197539,0.000672542
"598",0.000487081,0.000618225,0.00046846
"212",0.000486915,0.000401283,0.000660946
"1104",0.000485375,0.0003633,0.000637755
"344",0.000481766,0.000181901,0.000570501
"1096",0.000479531,0.000292911,0.000575139
"200",0.000479302,0.000414498,0.00059833
"912",0.000477796,0.000397979,0.000484694
"859",0.000475832,0.000185663,0.000609926
"1091",0.000474189,0.000252406,0.000531076
"919",0.000474138,0.000248983,0.000568182
"616",0.000474119,0.000445302,0.000544991
"783",0.000473983,0.000268981,0.000570501
"70",0.000473759,0.000356211,0.000524119
"465",0.000472978,0.000171728,0.000612245
"1410",0.000472458,0.000193969,0.000600649
"198",0.000472006,0.000452078,0.000538033
"1366",0.000471043,0.000323428,0.000231911
"1017",0.000470205,0.00134234,0.000561224
"876",0.000470065,0.000289302,0.000500928
"1449",0.000468593,0.00302552,0.000482375
"992",0.000467805,0.000433641,0.000484694
"352",0.000467226,0.0011321,0.000568182
"1308",0.000465835,0.000150605,0.000526438
"946",0.000465522,0.000314355,0.000586735
"374",0.000465093,0.000291388,0.000582096
"1401",0.000461201,0.00208055,0.000278293
"234",0.000459319,0.000178638,0.000582096
"47",0.000456949,0.000319394,0.000333952
"304",0.000456673,0.000417509,0.000489332
"658",0.000455045,0.000381225,0.000296846
"600",0.000454041,0.000259359,0.00057282
"944",0.000452704,0.000223439,0.000512523
"669",0.000452556,0.000270312,0.000533395
"913",0.000449756,0.000515847,0.000473098
"930",0.000449331,0.000369897,0.000412801
"1019",0.00044752,0.000443944,0.000496289
"753",0.00044658,0.000375749,0.000424397
"475",0.000445762,0.000187132,0.000551948
"651",0.00044404,0.000162432,0.000575139
"619",0.000440557,0.000220059,0.00057282
"667",0.000439446,0.00019048,0.000528757
"236",0.000437164,0.000692142,0.000477737
"180",0.000436673,0.000210329,0.00062616
"769",0.000436028,0.000239765,0.00059833
"1067",0.000434475,0.000779767,0.000477737
"982",0.000433767,0.000824358,0.000199443
"316",0.000433732,0.000183312,0.000589054
"798",0.000431498,0.000383983,0.00054731
"1444",0.000431154,0.00137336,0.000463822
"1321",0.000427223,0.000239973,0.000524119
"29",0.000425673,0.000174451,0.000535714
"981",0.000423956,0.000647475,0.000197124
"597",0.000421525,0.000229824,0.00041744
"856",0.000419042,0.000423805,0.000466141
"538",0.000418945,0.000318019,0.000459184
"265",0.000417295,0.000150453,0.000593692
"570",0.000415629,0.000135338,0.000563544
"710",0.000415268,0.000171252,0.000510204
"929",0.000414845,0.000243844,0.000431354
"1467",0.000414021,0.000344919,0.000459184
"1034",0.000413236,0.0001841,0.000579777
"635",0.000412591,0.000233869,0.000533395
"343",0.000412433,0.000130262,0.000558905
"569",0.00041193,0.00049159,0.000484694
"696",0.000410914,0.000279382,0.000498609
"10",0.000410793,0.000613455,0.000507885
"605",0.000410411,0.000264195,0.000403525
"855",0.000409908,0.000135799,0.000470779
"656",0.000409754,0.000134018,0.000491651
"1386",0.000409582,0.00014366,0.000540353
"940",0.000409107,0.000191534,0.000517161
"93",0.000407031,0.000280333,0.0005218
"776",0.000406074,0.000102602,0.000538033
"353",0.000405937,0.0008014,0.000459184
"300",0.000405529,0.000221826,0.000491651
"1299",0.00040523,0.00067189,0.000454545
"458",0.000404415,0.000292044,0.000533395
"95",0.000403575,0.000438654,0.000461503
"485",0.000402734,0.000511999,0.00041744
"373",0.000401443,0.000241078,0.000505566
"618",0.000401383,0.000186101,0.000473098
"390",0.000399918,0.000189988,0.0005218
"283",0.000399322,0.000128403,0.000519481
"324",0.000398833,0.00135592,0.000433673
"611",0.000398735,0.000127605,0.000505566
"105",0.000398626,0.000964738,0.000403525
"417",0.000394451,0.000443672,0.000480056
"26",0.000393776,0.000617127,0.000415121
"30",0.000392833,0.000251222,0.000514842
"258",0.000392345,0.000129625,0.000507885
"977",0.000392033,0.000235073,0.00041744
"875",0.0003913,0.000112543,0.000438312
"584",0.000390901,0.000284103,0.000514842
"705",0.000390176,0.000282565,0.000408163
"1417",0.000389583,0.000124346,0.000496289
"429",0.00038856,0.00035996,0.000498609
"1311",0.000388202,0.00022009,0.000447588
"560",0.000388113,0.000387663,0.000419759
"109",0.000387138,0.00022989,0.000517161
"1092",0.000386873,0.000392429,0.000480056
"1125",0.00038568,0.000379791,0.000505566
"668",0.000384824,0.000331845,0.000401206
"154",0.00038293,0.00144012,0.000487013
"688",0.000380508,0.000178914,0.000491651
"201",0.000379038,0.00062823,0.000396568
"764",0.00037825,0.000347172,0.000398887
"483",0.000378172,0.000929868,0.000347866
"1131",0.000377397,0.000306219,0.000435993
"13",0.000376232,0.000173581,0.000540353
"893",0.000375915,0.000268706,0.000403525
"443",0.000373419,0.000190347,0.000447588
"1332",0.000370068,0.00016082,0.000461503
"19",0.000369606,0.00024258,0.000415121
"111",0.000368581,0.000393101,0.000507885
"406",0.000364844,0.000249408,0.000359462
"936",0.000364485,0.000156922,0.000461503
"88",0.000363611,0.000485023,0.000361781
"1240",0.000363365,0.00042801,0.000415121
"1443",0.000361478,0.00045145,0.000380334
"894",0.000359773,0.000254861,0.000403525
"1047",0.000358775,0.000189109,0.000410482
"617",0.000358372,0.000125916,0.000445269
"848",0.000357295,0.000161332,0.000449907
"1473",0.000356831,0.00116723,0.000373377
"413",0.000356429,0.000195432,0.000447588
"1441",0.000356181,0.000693084,0.000378015
"1451",0.000355911,0.000521423,0.000352505
"1304",0.000354551,0.000120374,0.000463822
"663",0.000353862,0.000112969,0.000463822
"889",0.000351616,0.000429743,0.000345547
"972",0.000351061,0.000109007,0.000401206
"5",0.000350398,0.0003611,0.0005218
"1339",0.000349006,0.000154455,0.000405844
"211",0.000348373,0.000263359,0.000438312
"1325",0.00034709,0.00062257,0.000435993
"896",0.000347049,0.000244969,0.000422078
"853",0.000345135,0.000233261,0.000371058
"462",0.000344857,0.000244024,0.000357143
"11",0.00034393,9.25887e-005,0.000487013
"1318",0.000343497,0.000262436,0.000303803
"1418",0.000343004,0.000149963,0.000456865
"305",0.00034257,0.000146615,0.00046846
"18",0.000342293,0.000183258,0.000440631
"206",0.000341825,0.00041044,0.000373377
"821",0.000341707,0.000185318,0.000449907
"1407",0.000339991,0.00015506,0.000422078
"1397",0.000339748,0.000354516,0.000410482
"39",0.000339569,0.000156794,0.000368738
"9",0.000339477,0.000121618,0.000440631
"1433",0.000339473,0.000326149,0.000431354
"196",0.000336215,7.39415e-005,0.000452226
"31",0.000335766,0.000324099,0.000445269
"1108",0.000334995,0.000449548,0.000445269
"337",0.000334796,0.000435819,0.000396568
"392",0.000334446,0.000333921,0.000484694
"655",0.000334441,0.00023282,0.000429035
"131",0.000332856,0.000143764,0.000452226
"1345",0.000331295,0.000475403,0.000308442
"565",0.000331153,0.000128145,0.000410482
"177",0.00033028,0.000156138,0.000408163
"1436",0.000330178,0.000112935,0.000422078
"670",0.000329848,0.000217111,0.000331633
"888",0.000329365,8.41986e-005,0.000454545
"898",0.000328974,0.000352534,0.000359462
"218",0.000327926,0.000197807,0.000456865
"650",0.000327173,0.000133629,0.000454545
"644",0.00032654,0.000120534,0.000412801
"1261",0.000324657,0.00136557,0.000257421
"103",0.000324455,0.000335116,0.000394249
"521",0.000323661,0.000301259,0.000384972
"170",0.000323419,0.000164569,0.000435993
"815",0.000322913,0.000151775,0.000447588
"938",0.000321729,7.6155e-005,0.000426716
"1333",0.000321512,0.000177764,0.000345547
"435",0.000321171,0.000327878,0.000398887
"1099",0.000320667,0.000188907,0.000396568
"1103",0.000320592,0.000175117,0.000401206
"464",0.000319906,0.000292435,0.000424397
"1331",0.000319388,0.000401367,0.000317718
"1021",0.000318399,9.09508e-005,0.000391929
"348",0.000317832,0.000119792,0.000480056
"16",0.000317004,0.000171753,0.000435993
"94",0.000316305,0.000276325,0.000350186
"1292",0.000315699,0.000188889,0.000306122
"931",0.000315371,0.000139262,0.000331633
"1116",0.000313861,0.000126332,0.000375696
"1137",0.000313367,0.000153946,0.000382653
"160",0.000312581,0.000143346,0.000429035
"1297",0.000311928,0.000288506,0.000361781
"890",0.000311918,0.00030646,0.000333952
"654",0.000310195,0.00011336,0.000401206
"484",0.000310124,0.000111573,0.000405844
"871",0.000309919,0.000204305,0.000408163
"1295",0.000309608,0.000193636,0.00028757
"801",0.000309,0.000175096,0.000343228
"1025",0.000306814,0.000215125,0.000419759
"1121",0.000304653,0.000107474,0.000391929
"1406",0.000304029,0.000301802,0.000357143
"603",0.00030399,0.000232541,0.000299165
"671",0.000303816,0.000378797,0.000329314
"672",0.000302193,0.000153803,0.000347866
"379",0.000300827,0.000296914,0.000387291
"106",0.000300474,0.000273707,0.000394249
"1110",0.000300329,0.000393146,0.000252783
"552",0.000299638,0.000180219,0.000359462
"1411",0.000299166,8.89596e-005,0.000382653
"202",0.000298241,0.000838248,0.000336271
"578",0.000295783,0.000323564,0.000320037
"1054",0.000294807,0.000221134,0.000273655
"1353",0.000293622,0.000392891,0.000271336
"1201",0.000293059,0.000269204,0.000345547
"1106",0.000292959,0.000238948,0.000343228
"945",0.000291688,0.00010358,0.000340909
"777",0.000291631,8.16539e-005,0.000405844
"330",0.000290445,0.000144212,0.000343228
"1111",0.000289787,0.000170738,0.000340909
"1042",0.000289433,0.000170273,0.000375696
"40",0.000288442,0.000171417,0.000299165
"1234",0.00028821,0.000284525,0.000350186
"574",0.000288061,0.000339497,0.000296846
"687",0.000287399,0.000154353,0.000324675
"399",0.000285935,6.03598e-005,0.000431354
"1319",0.000284358,0.000203781,0.000322356
"146",0.000283882,0.000104774,0.000396568
"407",0.000283245,0.00126977,0.000366419
"943",0.000280851,0.000169484,0.000371058
"1413",0.000280526,0.000218587,0.000350186
"182",0.00028025,0.000298246,0.000315399
"84",0.000279811,0.000188399,0.000352505
"339",0.000278927,0.000336813,0.000320037
"430",0.000277243,0.00020473,0.000331633
"1469",0.000276871,0.000293929,0.000317718
"623",0.00027583,0.000135932,0.000326994
"862",0.000274454,0.000153424,0.000352505
"759",0.00027412,0.000378991,0.000271336
"14",0.000273169,0.000161182,0.0003641
"637",0.000272337,9.83755e-005,0.000331633
"1024",0.000271898,0.000125543,0.000357143
"1165",0.000271858,0.000342166,0.000310761
"1062",0.000270974,0.000341391,0.000213358
"1338",0.000270667,0.000132196,0.000345547
"971",0.00027062,0.000132594,0.000275974
"27",0.000269806,0.000123286,0.000324675
"1251",0.000269484,0.000858543,0.000322356
"887",0.00026943,0.000127297,0.000331633
"610",0.000269377,6.8641e-005,0.000384972
"329",0.000269079,0.000321193,0.000317718
"1184",0.00026872,0.000155632,0.000306122
"1440",0.000267414,0.00131868,0.000299165
"1016",0.000267176,7.23752e-005,0.000331633
"76",0.000267094,0.000139163,0.000310761
"679",0.000267082,0.00010491,0.000354824
"124",0.000266669,0.000100992,0.000373377
"126",0.000266056,0.000103748,0.000354824
"62",0.000265859,0.000268853,0.000255102
"926",0.000263605,0.000250936,0.000303803
"243",0.000263558,0.000187752,0.000320037
"1320",0.000262833,0.000144805,0.000303803
"581",0.000262274,0.000177311,0.000326994
"1193",0.000262249,0.000111451,0.000320037
"1143",0.000261728,5.90582e-005,0.000375696
"12",0.000261497,0.000633546,0.00031308
"1038",0.000260463,6.68996e-005,0.000352505
"941",0.000259655,9.97621e-005,0.000320037
"1050",0.000258852,0.00018706,0.000289889
"398",0.000258744,0.000123166,0.000317718
"807",0.000258567,0.00011152,0.000322356
"1202",0.000257559,0.000325207,0.000299165
"387",0.000257125,0.000381935,0.000320037
"191",0.00025695,8.65649e-005,0.000382653
"1037",0.000256398,9.37269e-005,0.000354824
"1336",0.000255212,0.000111976,0.000306122
"673",0.000254427,0.000119853,0.000308442
"620",0.000254163,0.000122987,0.000306122
"167",0.000253344,0.000385618,0.000306122
"418",0.000253222,0.000127705,0.000310761
"923",0.000252704,0.000126725,0.000294527
"223",0.00025252,0.000135347,0.000310761
"969",0.000252163,0.000435888,0.000280612
"592",0.000251316,0.000814558,0.000257421
"219",0.000251274,0.000691187,0.00028525
"28",0.000250628,0.00010233,0.000329314
"932",0.00024988,0.000185874,0.000262059
"1285",0.000248308,0.000237056,0.000282931
"1470",0.000248306,0.000464275,0.000262059
"1306",0.00024796,8.60107e-005,0.00028525
"225",0.000246314,0.00017181,0.000329314
"706",0.00024521,6.23337e-005,0.000343228
"1466",0.000244958,0.000585968,0.000217996
"997",0.000244239,0.000519,0.00018321
"583",0.000243951,0.000342747,0.000320037
"1102",0.000243888,0.000184029,0.000329314
"1023",0.00024354,9.35118e-005,0.000331633
"1205",0.000243197,0.000216207,0.000243506
"74",0.000242854,0.000557769,0.000197124
"299",0.00024043,0.000126625,0.000324675
"216",0.000239533,0.000695897,0.000317718
"375",0.000237641,0.000182068,0.00028525
"1438",0.000237563,0.000234979,0.000299165
"487",0.00023697,5.53079e-005,0.000271336
"1197",0.00023692,0.00013294,0.000271336
"1301",0.0002363,0.000481846,0.00025974
"15",0.00023578,0.000335279,0.000340909
"533",0.000235266,0.000356045,0.000271336
"683",0.000234584,0.000111057,0.000301484
"1400",0.00023412,0.000640097,0.000199443
"860",0.000233912,9.82798e-005,0.000271336
"762",0.000233316,8.23779e-005,0.000278293
"699",0.000231709,9.3048e-005,0.000296846
"1387",0.000230406,9.39749e-005,0.000315399
"852",0.000229566,0.000175582,0.000273655
"302",0.000229399,0.000159095,0.000266698
"1307",0.000228953,0.000118526,0.000269017
"704",0.000228726,0.000155022,0.000278293
"872",0.000228685,0.00013812,0.000292208
"217",0.000228678,0.000114938,0.000315399
"1046",0.000227927,0.000129609,0.000289889
"179",0.000227766,4.3378e-005,0.000317718
"1330",0.000227459,5.10892e-005,0.000294527
"363",0.000227125,0.000154287,0.00025974
"298",0.000226801,0.000136648,0.000273655
"825",0.0002262,0.000766737,0.000238868
"698",0.000224688,0.000318302,0.000269017
"1138",0.000223591,0.000105998,0.000292208
"881",0.000223351,7.06474e-005,0.000301484
"1394",0.000222099,6.58204e-005,0.000280612
"1136",0.000220945,0.000304306,0.000278293
"17",0.000220852,0.000213704,0.000262059
"805",0.000220795,0.000157483,0.00025974
"274",0.000220565,0.000183278,0.000224954
"424",0.000220299,0.000228578,0.000278293
"1395",0.000220279,0.00015037,0.000289889
"6",0.000220222,8.04457e-005,0.000308442
"925",0.000219458,0.000114632,0.000266698
"1075",0.000219324,0.000127261,0.000250464
"189",0.00021911,0.000152884,0.00028525
"562",0.000218577,0.000300076,0.00025974
"1389",0.000218203,7.32889e-005,0.000315399
"1329",0.000218166,0.000136604,0.000294527
"1194",0.000217706,0.000309239,0.000222635
"1437",0.000217386,0.000351362,0.000280612
"1415",0.000214899,0.000106651,0.000266698
"1098",0.000214483,0.000161317,0.000252783
"582",0.000214465,0.000224816,0.000243506
"861",0.000214432,0.000156449,0.000278293
"178",0.000213157,7.31158e-005,0.000301484
"408",0.000212954,0.000187183,0.000266698
"108",0.000212332,4.77257e-005,0.000294527
"91",0.000211447,0.000128765,0.000257421
"138",0.000211367,0.0001303,0.00028757
"1074",0.000210494,0.000136171,0.000206401
"41",0.000209944,0.000173327,0.000248145
"55",0.000209905,0.000236369,0.000257421
"874",0.000209742,5.23719e-005,0.000264378
"69",0.000208911,0.000334731,0.000262059
"1404",0.000208085,5.57107e-005,0.000273655
"942",0.00020753,7.70962e-005,0.000245826
"1260",0.000207357,0.000242514,0.000255102
"979",0.000207247,0.000107583,0.000255102
"1335",0.000206874,0.000118771,0.000252783
"817",0.000206809,5.62976e-005,0.000257421
"863",0.000206746,0.000162916,0.000245826
"1284",0.000206442,0.000345988,0.000255102
"213",0.000204735,0.00010476,0.000282931
"125",0.000204336,0.000168195,0.000271336
"1300",0.000203099,0.000535702,0.000241187
"231",0.000203043,0.000107698,0.000250464
"63",0.000202422,0.000119336,0.000255102
"806",0.000202077,0.000129979,0.00020872
"1341",0.000201668,0.000101026,0.000257421
"1035",0.000201441,9.26256e-005,0.000245826
"761",0.000200993,7.72993e-005,0.000224954
"1447",0.000200078,0.000223767,0.000236549
"377",0.000199121,0.00013547,0.000248145
"380",0.000198705,0.000343379,0.000224954
"1262",0.000198448,0.000142831,0.000220315
"157",0.000198376,7.69299e-005,0.000271336
"444",0.000198196,0.000126945,0.000243506
"488",0.000197863,7.87177e-005,0.000243506
"1439",0.000196869,0.000237271,0.000238868
"23",0.00019609,0.000104251,0.00025974
"985",0.000195851,9.44851e-005,0.000224954
"1179",0.00019529,0.000100299,0.000220315
"101",0.000193696,0.000260029,0.00023423
"266",0.000193306,5.0996e-005,0.00028757
"880",0.000193266,0.000101333,0.000250464
"303",0.000192863,0.000443965,0.000257421
"1036",0.000192527,4.92591e-005,0.00025974
"1107",0.00019237,0.000208269,0.000192486
"123",0.000192255,0.000355602,0.000231911
"1192",0.000192152,0.000127945,0.000248145
"376",0.000192089,0.000223285,0.000236549
"662",0.000191362,9.29066e-005,0.00023423
"1052",0.00019013,5.57257e-005,0.000238868
"991",0.000189825,0.000266562,0.000134508
"221",0.000188393,5.43514e-005,0.000217996
"1267",0.000188154,0.0001637,0.000217996
"854",0.000187997,8.7606e-005,0.000229592
"244",0.000187356,0.000184073,0.000206401
"778",0.000187323,6.40957e-005,0.000273655
"141",0.000187292,4.39064e-005,0.000255102
"1049",0.000187257,0.000157832,0.00020872
"473",0.000186136,0.000167262,0.000243506
"1041",0.000184665,5.91654e-005,0.000255102
"937",0.00018438,5.50943e-005,0.000243506
"1302",0.000184275,0.000182357,0.000215677
"550",0.000183935,8.42241e-005,0.000252783
"1356",0.000183501,0.000210684,0.000166976
"590",0.00018317,0.000115192,0.000215677
"1130",0.000182573,0.00019831,0.00023423
"75",0.000182403,0.000192507,0.000173933
"1463",0.000181996,0.000100104,0.000190167
"756",0.000181969,0.000248325,0.000194805
"347",0.000181741,0.000123377,0.000215677
"1348",0.00018135,0.000156763,0.000190167
"24",0.000180526,6.88552e-005,0.000257421
"394",0.000180202,0.000138239,0.000257421
"1073",0.000179319,5.49709e-005,0.000243506
"389",0.000178533,0.000406686,0.000127551
"818",0.000178269,5.89952e-005,0.00023423
"215",0.000177309,0.000142659,0.000220315
"622",0.000177218,5.6595e-005,0.000229592
"1214",0.000176968,0.00014941,0.000229592
"849",0.000175937,5.32739e-005,0.000241187
"867",0.000175688,7.55914e-005,0.00020872
"414",0.000174951,0.000207844,0.000201763
"1196",0.000174138,0.000102879,0.000222635
"1211",0.000173884,8.57779e-005,0.000222635
"1337",0.000173619,5.36585e-005,0.000176252
"774",0.000173448,5.07332e-005,0.000204082
"59",0.000173104,0.000206452,0.000164657
"1454",0.00017295,0.000154744,0.000243506
"449",0.000172546,0.000247759,0.00018321
"1045",0.000172505,0.000134541,0.000220315
"1419",0.000172364,7.52925e-005,0.00020872
"791",0.000171464,0.000111288,0.000173933
"1399",0.00017146,0.000335477,0.000217996
"1198",0.000171205,7.70627e-005,0.000199443
"383",0.000170536,0.000118924,0.000250464
"8",0.000170523,0.000133167,0.000220315
"144",0.000169349,0.000124202,0.000213358
"1051",0.000169026,0.000123524,0.000197124
"1427",0.000167909,5.15854e-005,0.000197124
"204",0.00016781,0.000516655,0.000199443
"986",0.00016771,0.000236544,0.000187848
"1446",0.000166931,5.76181e-005,0.000171614
"838",0.000166165,3.18731e-005,0.000220315
"573",0.000164971,0.000276454,0.000187848
"1324",0.000164894,6.3249e-005,0.000180891
"359",0.000164544,0.000278616,0.000229592
"1428",0.000164336,8.00236e-005,0.000166976
"819",0.000163283,4.02514e-005,0.000185529
"642",0.000162436,9.86564e-005,0.00015538
"242",0.000161839,0.000163988,0.000171614
"1203",0.000159914,9.48263e-005,0.000192486
"1072",0.000159811,2.54599e-005,0.000220315
"214",0.000159511,7.00757e-005,0.000197124
"1199",0.000159457,0.000115747,0.000153061
"921",0.000159177,4.46903e-005,0.000176252
"181",0.000159161,0.000307131,0.000180891
"207",0.000158626,0.000110888,0.000113636
"770",0.000158061,2.67288e-005,0.000217996
"703",0.000157521,3.64847e-005,0.000201763
"77",0.000156885,0.000220413,0.000192486
"1452",0.000156602,0.000702736,0.000194805
"1115",0.000156344,0.000164983,0.000220315
"677",0.000155605,5.11386e-005,0.000215677
"85",0.000155415,0.000451121,0.000194805
"1069",0.000155136,5.76038e-005,0.000176252
"892",0.000155126,7.00407e-005,0.000190167
"1170",0.000154833,0.000189372,0.000185529
"176",0.000154455,0.000569527,0.000162338
"367",0.000154268,0.000119373,0.000211039
"630",0.000153237,0.000175966,0.000197124
"1412",0.000151487,4.15573e-005,0.000201763
"395",0.000150861,7.40216e-005,0.000166976
"1298",0.00015009,9.09182e-005,0.000176252
"1241",0.000149684,0.000101362,0.000169295
"1305",0.000149582,7.79373e-005,0.000166976
"1328",0.000148339,5.96606e-005,0.00018321
"596",0.000147526,4.35097e-005,0.000201763
"1472",0.000147118,0.00117626,0.000139147
"115",0.000146156,7.00607e-005,0.00018321
"682",0.000145994,6.82033e-005,0.000169295
"1342",0.000145939,8.79171e-005,0.000162338
"486",0.000145444,0.000103558,0.000187848
"833",0.000145046,0.00018933,0.000127551
"1164",0.000144931,6.26919e-005,0.000171614
"816",0.000144356,9.32103e-005,0.000222635
"820",0.000144347,0.000188453,0.000150742
"61",0.000144308,0.000168018,0.000178571
"996",0.000143512,0.000210291,0.000125232
"780",0.000143511,0.000124084,0.000166976
"433",0.000143481,0.000255803,0.000160019
"1414",0.000142553,5.94109e-005,0.000146104
"591",0.000142494,0.000138489,0.000166976
"20",0.000142451,0.000300479,0.00018321
"454",0.000142357,0.000133841,0.00015538
"60",0.000141675,6.17312e-005,0.000227273
"782",0.000140495,5.2225e-005,0.000173933
"156",0.000140038,8.47243e-005,0.000162338
"228",0.000139929,9.7642e-005,0.000194805
"928",0.000139838,4.6871e-005,0.00015538
"955",0.00013906,3.71353e-005,0.00018321
"172",0.000138464,0.000609069,0.000132189
"328",0.000138082,8.91321e-005,0.000192486
"1129",0.000137958,0.000151594,0.000164657
"102",0.000137629,9.92825e-005,0.000139147
"653",0.000137096,4.74787e-005,0.000176252
"621",0.000137093,3.52687e-005,0.000187848
"1327",0.000136758,9.01223e-005,0.000160019
"779",0.00013672,5.50889e-005,0.000192486
"82",0.000136659,0.000552436,0.00012987
"1207",0.000135677,0.000409539,0.000190167
"773",0.000135192,3.02349e-005,0.000162338
"229",0.000134836,0.000169756,0.000178571
"68",0.000134481,6.13755e-005,0.000173933
"235",0.000133031,0.000211764,0.000173933
"1204",0.00013278,7.0354e-005,0.000132189
"1235",0.000132746,0.000286146,0.000162338
"409",0.000132624,6.6183e-005,0.000160019
"1264",0.000131768,0.000496238,0.000169295
"951",0.000131713,0.000114481,0.000132189
"22",0.000131228,4.48412e-005,0.000180891
"1402",0.00013042,0.000138516,0.000106679
"1405",0.000130304,5.21067e-005,0.000162338
"1169",0.000130267,7.6337e-005,0.000139147
"1259",0.000130071,0.000339745,0.000146104
"128",0.000129932,7.62426e-005,0.000150742
"1070",0.000129452,3.80667e-005,0.000160019
"67",0.00012944,6.08613e-005,0.000134508
"205",0.00012924,0.00109948,0.00015538
"891",0.000129061,0.00015433,0.000178571
"419",0.00012887,9.44134e-005,0.000162338
"1363",0.000128536,9.00043e-005,0.000153061
"609",0.000128006,0.000207949,0.000125232
"403",0.000127879,0.000591012,0.00015538
"183",0.000127456,5.72424e-005,0.000162338
"813",0.000127399,0.000137713,0.000113636
"828",0.000127321,0.000141129,0.000127551
"1323",0.000126765,2.21386e-005,0.000173933
"830",0.000126639,0.000193506,0.000139147
"883",0.000126266,4.21263e-005,0.000169295
"340",0.000125999,0.000104346,0.000134508
"7",0.000125785,6.98236e-005,0.000143785
"834",0.000125326,4.19676e-005,0.000153061
"241",0.000124706,0.000199244,0.000148423
"1109",0.000124582,8.73541e-005,0.000164657
"954",0.000124529,4.83594e-005,0.000136827
"193",0.000124081,3.7852e-005,0.000162338
"1176",0.000124029,0.000134527,0.00015538
"1040",0.000123486,3.44937e-005,0.000157699
"1209",0.000122936,9.58177e-005,0.000153061
"1362",0.000122327,9.50933e-005,0.000169295
"209",0.000121751,0.00112144,0.000106679
"1340",0.000121178,8.20259e-005,0.000148423
"445",0.000121167,0.000208136,0.000136827
"790",0.000120439,0.000104555,0.000162338
"812",0.000120232,3.72871e-005,0.000150742
"1064",0.000120195,0.000184473,0.000113636
"121",0.000120188,0.000114872,0.000153061
"255",0.000119876,0.000212597,0.00012987
"279",0.000119086,0.000108308,0.000162338
"553",0.000118636,0.000112364,0.000157699
"873",0.000118344,2.66076e-005,0.000139147
"54",0.00011774,0.000169476,0.000148423
"155",0.000116091,4.18232e-005,0.000169295
"431",0.000115961,0.000114781,0.000132189
"1455",0.000115597,0.000125612,0.000106679
"21",0.000115566,8.38277e-005,0.000136827
"585",0.000115438,2.87231e-005,0.000150742
"1056",0.000115433,0.000372378,0.000122913
"73",0.000115306,0.000219082,0.00015538
"1361",0.000115063,2.35828e-005,0.000136827
"1030",0.000114617,0.000198485,0.00012987
"1120",0.000114423,6.51779e-005,0.000157699
"175",0.000114354,0.00107955,0.000111317
"1151",0.000114334,5.67234e-005,0.000150742
"1265",0.000113952,8.69122e-005,0.000134508
"139",0.000113761,5.15814e-005,0.000125232
"1398",0.000113694,5.94884e-005,0.000122913
"1144",0.000112741,0.000173758,0.000118275
"1195",0.000111994,0.000114736,0.000146104
"1167",0.000111934,5.17634e-005,0.000127551
"1039",0.000111483,5.91093e-005,0.00012987
"866",0.000111197,0.000106779,0.000146104
"57",0.000110584,5.47218e-005,0.000148423
"140",0.000109593,4.47431e-005,0.000141466
"120",0.000109582,0.000454467,0.000113636
"794",0.000108849,3.985e-005,0.000127551
"1263",0.000107641,0.000203211,0.000125232
"1208",0.000107337,5.18201e-005,0.000139147
"261",0.000106892,0.000450622,0.000134508
"1256",0.00010675,8.31773e-005,0.000134508
"53",0.000106655,0.000110761,0.00012987
"391",0.000106574,0.000156052,0.000139147
"676",0.000106182,4.41596e-005,0.000141466
"129",0.000105965,7.69518e-005,0.00015538
"827",0.00010525,0.000100008,0.000106679
"384",0.000104195,0.000594976,0.000125232
"1322",0.000103349,2.96135e-005,0.000153061
"1044",0.000102679,4.99928e-005,0.000122913
"127",0.000102353,0.00016527,0.000125232
"907",0.000102008,7.52097e-005,0.000108998
"1166",0.000101918,9.05116e-005,0.000122913
"1071",0.000101725,2.64367e-005,0.000118275
"1364",0.000101706,4.00391e-005,0.000111317
"110",0.000101479,5.06494e-005,0.00010436
"1146",0.000101394,3.08557e-005,0.000141466
"566",0.000101043,4.17115e-005,0.000153061
"865",0.00010084,3.9082e-005,0.00015538
"681",0.000100648,5.56187e-005,0.000108998
"1155",0.000100236,2.27569e-005,0.000113636
"327",9.97422e-005,4.26064e-005,0.000139147
"97",9.89363e-005,6.62592e-005,8.58071e-005
"1255",9.86343e-005,0.000126934,0.000108998
"1022",9.81977e-005,6.62933e-005,0.000122913
"1316",9.76983e-005,3.35706e-005,0.000115955
"885",9.76192e-005,7.81416e-005,0.000120594
"1154",9.52571e-005,4.32013e-005,0.000108998
"1097",9.51899e-005,2.52931e-005,0.000125232
"1354",9.47741e-005,0.000149337,7.88497e-005
"707",9.42804e-005,0.000123776,6.95733e-005
"1043",9.40114e-005,3.02287e-005,0.00010436
"1347",9.34446e-005,5.90191e-005,8.34879e-005
"143",9.28784e-005,0.000318598,0.000108998
"750",9.2649e-005,0.000290268,8.81262e-005
"1283",9.21084e-005,7.21015e-005,7.65306e-005
"1458",9.16657e-005,0.000195234,0.000106679
"1445",9.14573e-005,3.23519e-005,9.50835e-005
"781",9.14569e-005,5.93603e-005,0.000122913
"869",9.10459e-005,1.93422e-005,0.000111317
"1168",9.09247e-005,4.45784e-005,9.97217e-005
"1065",9.08038e-005,9.13832e-005,8.58071e-005
"851",9.05534e-005,7.04235e-005,7.18924e-005
"987",9.02814e-005,2.41757e-005,0.000108998
"680",8.92191e-005,3.14416e-005,0.000113636
"230",8.82374e-005,3.35387e-005,0.000106679
"58",8.79264e-005,3.49436e-005,0.000127551
"1271",8.75898e-005,6.50223e-005,0.00010436
"1057",8.67044e-005,9.30578e-005,8.81262e-005
"25",8.66601e-005,4.50911e-005,0.000122913
"280",8.63392e-005,0.000229784,0.000106679
"81",8.61439e-005,7.27847e-005,0.00010436
"674",8.61351e-005,4.29146e-005,0.000106679
"1206",8.60877e-005,3.54837e-005,0.000108998
"381",8.59351e-005,1.8981e-005,0.000115955
"1346",8.58381e-005,5.22315e-005,0.00010436
"922",8.44097e-005,7.18827e-005,7.42115e-005
"886",8.41717e-005,9.30593e-005,8.11688e-005
"1359",8.365e-005,3.97201e-005,7.18924e-005
"267",8.31072e-005,1.90141e-005,9.27644e-005
"78",8.28871e-005,6.61782e-005,0.000132189
"1171",8.25978e-005,0.000105916,9.27644e-005
"700",8.23557e-005,3.06135e-005,0.000102041
"864",8.16735e-005,2.3647e-005,0.000108998
"870",8.15608e-005,3.17039e-005,9.04453e-005
"450",8.13216e-005,0.000104707,7.65306e-005
"247",8.06144e-005,7.39858e-005,8.11688e-005
"66",8.05806e-005,7.06948e-005,9.27644e-005
"998",8.04128e-005,3.42302e-005,8.58071e-005
"678",8.03551e-005,4.55559e-005,0.000108998
"1147",8.01656e-005,2.39911e-005,8.34879e-005
"1326",7.98801e-005,2.9523e-005,9.97217e-005
"832",7.94836e-005,0.000116533,7.42115e-005
"1254",7.90095e-005,0.00012646,9.27644e-005
"643",7.78434e-005,1.65997e-005,9.74026e-005
"1162",7.77834e-005,5.95578e-005,9.50835e-005
"989",7.66702e-005,4.80237e-005,9.04453e-005
"1268",7.61555e-005,1.91814e-005,9.27644e-005
"382",7.59513e-005,8.46083e-005,9.27644e-005
"1182",7.56153e-005,7.552e-005,6.72542e-005
"906",7.53197e-005,4.90859e-005,8.11688e-005
"1178",7.47248e-005,9.75472e-005,9.04453e-005
"342",7.43192e-005,0.000144321,8.58071e-005
"675",7.39946e-005,3.95752e-005,9.27644e-005
"1236",7.38232e-005,9.88746e-005,6.95733e-005
"1210",7.33956e-005,4.63042e-005,9.50835e-005
"393",7.30625e-005,3.05312e-005,9.04453e-005
"1175",7.3047e-005,0.00079721,7.18924e-005
"1156",7.29047e-005,4.52018e-005,8.11688e-005
"760",7.27902e-005,2.28675e-005,9.04453e-005
"1145",7.26833e-005,3.44242e-005,8.34879e-005
"1139",7.25e-005,2.32271e-005,9.74026e-005
"1153",7.23155e-005,3.19444e-005,9.50835e-005
"197",7.2014e-005,0.00010891,9.27644e-005
"1266",7.15552e-005,0.000169035,8.81262e-005
"1200",7.14105e-005,5.71349e-005,9.27644e-005
"0",7.1399e-005,2.00644e-005,0.000125232
"56",7.08701e-005,3.33602e-005,0.000113636
"52",7.06215e-005,2.7465e-005,9.27644e-005
"1011",7.05076e-005,0.000342732,7.18924e-005
"173",6.98881e-005,0.000639294,7.88497e-005
"1114",6.92099e-005,0.000102325,9.50835e-005
"1358",6.88697e-005,1.76344e-005,6.72542e-005
"194",6.85724e-005,0.000339907,8.34879e-005
"1123",6.76366e-005,3.14128e-005,8.34879e-005
"72",6.6965e-005,0.00010446,9.50835e-005
"988",6.69009e-005,5.26918e-005,8.11688e-005
"317",6.67032e-005,7.55108e-005,9.74026e-005
"1258",6.66701e-005,7.18638e-005,7.42115e-005
"210",6.62493e-005,4.36482e-005,5.56586e-005
"1257",6.54087e-005,0.000235284,8.11688e-005
"1273",6.50595e-005,0.000124416,7.65306e-005
"1216",6.49467e-005,2.4723e-005,8.58071e-005
"262",6.44613e-005,0.000656007,7.65306e-005
"789",6.43155e-005,2.62046e-005,7.88497e-005
"868",6.42396e-005,1.60819e-005,8.58071e-005
"420",6.35459e-005,7.76228e-005,7.65306e-005
"1228",6.33363e-005,2.60368e-005,5.33395e-005
"65",6.31705e-005,1.65671e-005,9.50835e-005
"478",6.25559e-005,3.98656e-005,7.88497e-005
"1191",6.25183e-005,7.85386e-005,6.95733e-005
"1033",6.24703e-005,2.05448e-005,7.18924e-005
"772",6.20233e-005,3.27843e-005,6.95733e-005
"64",6.19413e-005,7.36086e-005,9.04453e-005
"1416",6.08812e-005,9.28052e-005,6.95733e-005
"1119",6.06031e-005,3.88486e-005,8.34879e-005
"1152",6.05117e-005,6.29506e-005,6.72542e-005
"1313",6.03987e-005,5.44055e-005,7.88497e-005
"1159",6.02736e-005,2.52889e-005,8.34879e-005
"1279",5.99259e-005,0.000178768,6.49351e-005
"837",5.90113e-005,1.4014e-005,6.72542e-005
"1186",5.87083e-005,4.64944e-005,6.2616e-005
"990",5.74569e-005,2.69072e-005,6.02968e-005
"905",5.73421e-005,1.17299e-005,8.58071e-005
"1459",5.72531e-005,0.000154577,4.63822e-005
"1174",5.72196e-005,2.53912e-005,4.87013e-005
"388",5.64782e-005,4.02049e-005,5.33395e-005
"171",5.62821e-005,0.000131734,6.49351e-005
"1189",5.56273e-005,3.56678e-005,6.49351e-005
"1163",5.48512e-005,1.62571e-005,6.95733e-005
"1215",5.46768e-005,1.39259e-005,5.79777e-005
"1172",5.41e-005,0.000111253,6.02968e-005
"51",5.38878e-005,1.78629e-005,7.88497e-005
"1252",5.37721e-005,4.01144e-005,7.65306e-005
"333",5.35528e-005,4.49943e-005,6.2616e-005
"1161",5.32033e-005,3.38008e-005,5.33395e-005
"1183",5.26011e-005,0.000505276,4.40631e-005
"1476",5.23342e-005,5.50746e-005,6.2616e-005
"1180",5.21353e-005,4.89474e-005,6.02968e-005
"224",5.16691e-005,5.5114e-005,8.34879e-005
"836",5.1593e-005,1.47268e-005,6.02968e-005
"1158",5.14343e-005,3.00362e-005,6.49351e-005
"1124",5.0941e-005,1.52515e-005,8.58071e-005
"557",5.09044e-005,8.5518e-006,6.02968e-005
"1160",5.06465e-005,3.11914e-005,4.63822e-005
"1188",5.02151e-005,4.45308e-005,5.33395e-005
"455",5.01593e-005,4.18741e-005,6.02968e-005
"1360",5.01001e-005,1.53106e-005,6.72542e-005
"1006",5.00087e-005,6.01104e-005,5.33395e-005
"422",4.98226e-005,8.10912e-005,6.2616e-005
"335",4.979e-005,0.00105093,5.56586e-005
"1355",4.90015e-005,2.34079e-005,5.79777e-005
"311",4.88243e-005,4.59409e-005,4.63822e-005
"850",4.83496e-005,2.47409e-005,6.2616e-005
"708",4.80259e-005,1.3541e-005,6.02968e-005
"188",4.77931e-005,7.57336e-006,7.88497e-005
"797",4.76477e-005,0.000508528,5.79777e-005
"799",4.76232e-005,1.34131e-005,5.33395e-005
"1010",4.7621e-005,6.83845e-005,6.02968e-005
"1277",4.74405e-005,0.000705862,6.02968e-005
"86",4.62289e-005,0.000157748,6.02968e-005
"796",4.50644e-005,0.000298673,4.40631e-005
"1002",4.43855e-005,1.36302e-005,5.56586e-005
"1031",4.42577e-005,6.2596e-005,5.79777e-005
"295",4.38285e-005,3.37525e-005,3.71058e-005
"1190",4.34812e-005,1.593e-005,5.56586e-005
"1276",4.25561e-005,3.6882e-005,5.56586e-005
"1464",4.2401e-005,0.00142251,4.40631e-005
"192",4.2374e-005,2.55358e-005,4.87013e-005
"795",4.20958e-005,3.61665e-005,5.56586e-005
"1249",4.18426e-005,5.01244e-005,4.63822e-005
"1253",4.16375e-005,2.65691e-005,4.63822e-005
"1246",4.15753e-005,6.49944e-005,4.63822e-005
"1149",4.13807e-005,2.81777e-005,4.1744e-005
"1032",4.11841e-005,3.32168e-005,6.02968e-005
"1219",4.06469e-005,2.69844e-005,3.94249e-005
"1465",4.0496e-005,1.22119e-005,3.71058e-005
"1280",3.98519e-005,0.000578444,4.63822e-005
"1468",3.95107e-005,2.34063e-005,3.94249e-005
"313",3.93771e-005,4.15095e-005,3.47866e-005
"1063",3.89196e-005,3.56737e-005,3.71058e-005
"826",3.88748e-005,0.000133356,5.10204e-005
"1278",3.83642e-005,8.62317e-005,4.1744e-005
"275",3.79554e-005,0.000100696,4.63822e-005
"1245",3.76015e-005,3.76553e-005,3.47866e-005
"174",3.65553e-005,0.000414864,2.78293e-005
"1248",3.64829e-005,3.99716e-005,3.01484e-005
"1456",3.62506e-005,0.00015359,3.94249e-005
"1013",3.58226e-005,3.14321e-005,4.1744e-005
"256",3.52724e-005,1.08749e-005,4.40631e-005
"1274",3.50095e-005,0.000137811,3.24675e-005
"1212",3.48787e-005,2.36272e-005,4.40631e-005
"1230",3.44564e-005,3.74798e-005,3.71058e-005
"1232",3.44344e-005,9.62815e-005,3.47866e-005
"1218",3.42604e-005,2.88188e-005,3.94249e-005
"1282",3.40829e-005,5.39707e-005,3.24675e-005
"1269",3.394e-005,2.66957e-005,3.94249e-005
"195",3.38455e-005,6.77776e-006,4.1744e-005
"1185",3.38363e-005,4.2906e-005,3.01484e-005
"354",3.38149e-005,1.16028e-005,5.56586e-005
"1150",3.32773e-005,1.59602e-005,3.47866e-005
"1217",3.31805e-005,1.10518e-005,3.47866e-005
"1223",3.29939e-005,9.1327e-005,3.01484e-005
"1157",3.267e-005,1.19167e-005,3.94249e-005
"755",3.19619e-005,4.85862e-006,2.31911e-005
"1315",3.17308e-005,7.47379e-006,4.63822e-005
"1221",3.17014e-005,1.06931e-005,3.71058e-005
"1142",3.15797e-005,2.91674e-005,5.10204e-005
"331",3.14886e-005,1.25828e-005,3.47866e-005
"1007",3.05783e-005,1.66827e-005,3.47866e-005
"1055",3.00876e-005,1.97617e-005,3.01484e-005
"1229",2.9347e-005,0.000218844,3.94249e-005
"1281",2.9264e-005,1.03866e-005,3.94249e-005
"1148",2.90107e-005,2.61992e-005,4.1744e-005
"1275",2.84388e-005,0.000111966,3.01484e-005
"558",2.82118e-005,1.47669e-005,3.01484e-005
"385",2.79536e-005,5.15535e-006,4.87013e-005
"1453",2.76308e-005,9.2025e-005,4.1744e-005
"884",2.76034e-005,1.12879e-005,3.47866e-005
"338",2.73356e-005,0.000151378,3.01484e-005
"1227",2.72556e-005,1.51477e-005,3.47866e-005
"312",2.71917e-005,0.000263734,3.01484e-005
"1314",2.71583e-005,7.97481e-006,4.63822e-005
"48",2.68926e-005,1.10912e-005,3.71058e-005
"1222",2.65992e-005,1.96475e-005,3.01484e-005
"831",2.62595e-005,0.000105004,2.78293e-005
"307",2.57069e-005,1.65574e-005,2.78293e-005
"332",2.4365e-005,2.18242e-005,2.55102e-005
"771",2.42257e-005,1.3687e-005,3.01484e-005
"1224",2.42067e-005,7.53267e-005,2.55102e-005
"1247",2.37342e-005,2.32929e-005,3.01484e-005
"1004",2.24709e-005,2.29883e-005,2.31911e-005
"334",2.23377e-005,0.000464991,2.31911e-005
"285",2.22318e-005,1.22937e-005,2.31911e-005
"410",2.18127e-005,7.95129e-006,3.94249e-005
"1233",2.1752e-005,1.12605e-005,2.55102e-005
"1220",2.14764e-005,2.09296e-005,2.55102e-005
"1434",2.14742e-005,2.60128e-006,3.47866e-005
"1231",2.10683e-005,6.86545e-006,2.55102e-005
"1239",2.01596e-005,2.38757e-005,1.39147e-005
"412",1.98795e-005,6.57215e-005,3.47866e-005
"92",1.9755e-005,2.58635e-006,2.0872e-005
"1225",1.95448e-005,6.16157e-006,3.01484e-005
"426",1.93875e-005,6.86148e-006,2.55102e-005
"1272",1.92531e-005,2.70704e-005,2.78293e-005
"1008",1.84676e-005,5.07685e-005,1.39147e-005
"1141",1.81697e-005,1.38807e-005,2.0872e-005
"1457",1.66382e-005,0.000241129,2.0872e-005
"1226",1.65745e-005,9.42356e-006,2.0872e-005
"1243",1.64569e-005,2.20843e-005,1.62338e-005
"1244",1.63729e-005,0.000116501,1.62338e-005
"1173",1.6012e-005,1.23989e-005,1.15955e-005
"314",1.57994e-005,9.25807e-006,1.85529e-005
"1238",1.5176e-005,8.57725e-006,1.39147e-005
"1003",1.42159e-005,3.39295e-006,9.27644e-006
"1000",1.32826e-005,6.12011e-006,1.62338e-005
"308",1.32499e-005,4.15668e-006,2.31911e-005
"208",1.32418e-005,4.67696e-006,1.39147e-005
"309",1.31866e-005,4.83864e-006,2.0872e-005
"1181",1.25788e-005,3.70517e-006,1.39147e-005
"754",1.23985e-005,3.65777e-006,1.85529e-005
"50",1.22077e-005,1.21984e-005,1.15955e-005
"1187",1.14863e-005,1.97762e-005,1.39147e-005
"1270",1.14582e-005,6.07493e-006,1.39147e-005
"702",1.07867e-005,2.80744e-006,1.62338e-005
"1242",1.02579e-005,1.17013e-005,1.15955e-005
"310",9.29558e-006,1.35379e-006,9.27644e-006
"999",8.12555e-006,2.8995e-005,9.27644e-006
"386",7.31741e-006,8.22083e-007,1.15955e-005
"49",6.88085e-006,1.02683e-006,9.27644e-006
"1012",6.4926e-006,1.74317e-005,6.95733e-006
"823",5.92677e-006,2.20164e-006,4.63822e-006
"1005",5.8556e-006,5.81594e-005,6.95733e-006
"1213",4.44094e-006,1.16729e-005,4.63822e-006
"1237",4.42162e-006,3.44478e-007,9.27644e-006
"1009",4.19651e-006,8.72024e-006,6.95733e-006
"1001",3.52923e-006,6.52714e-007,2.31911e-006
"1014",2.93377e-006,3.3256e-006,2.31911e-006
"315",2.39297e-006,1.86734e-007,2.31911e-006
"1140",1.48445e-006,6.86001e-008,2.31911e-006
"835",1.03787e-006,5.98783e-007,2.31911e-006
"811",4.52429e-007,6.98894e-008,2.31911e-006
